exp,seed,domain,mode,fault_tag,n_episodes,mean_return,std_return,success_rate,violation_rate,mean_ep_len,fail_rate,mean_energy,total_timesteps,actuator_dr_range,goal_x_min,goal_x_max,goal_tolerance,fault_goal_x_min,fault_goal_x_max,fault_goal_tolerance,friction_range,safety_max_pitch,safety_max_vspeed,safety_terminate,fault_strength,fault_indices,fault_start_step
MSR_fast_noRes,0,target,eval,,100,479.97884625130524,75.76072108182409,,0.0,196.74,,151.26032695751434,500000,0.0,1.5,3.0,0.6,6.0,10.0,0.45,0.2,0.7,6.0,False,,,
MSR_fast_noRes,0,target,eval_fault,a0_s0.7_t0,100,478.4197641058161,87.82149467547484,,0.0,201.06,,156.37373289306402,500000,0.0,1.5,3.0,0.6,6.0,10.0,0.45,0.2,0.7,6.0,False,0.7,"(0,)",0
MSR_fast_noRes,0,target,eval_fault,a0_s0.7_t50,100,472.3258418615585,81.81798059843237,,0.0,196.34,,150.04330299155012,500000,0.0,1.5,3.0,0.6,6.0,10.0,0.45,0.2,0.7,6.0,False,0.7,"(0,)",50
MSR_fast_noRes,0,target,eval_fault,a0_s0.7_t150,100,468.67023631599193,80.66411859968328,,0.0,194.56,,146.86450594994668,500000,0.0,1.5,3.0,0.6,6.0,10.0,0.45,0.2,0.7,6.0,False,0.7,"(0,)",150
MSR_fast_noRes,0,target,eval_fault,a0_s0.5_t0,100,477.2130849250792,92.85810775621194,,0.0,202.28,,159.97513447211938,500000,0.0,1.5,3.0,0.6,6.0,10.0,0.45,0.2,0.7,6.0,False,0.5,"(0,)",0
MSR_fast_noRes,0,target,eval_fault,a0_s0.5_t50,100,475.64838485104883,84.20727328581395,,0.0,197.82,,154.12681949591612,500000,0.0,1.5,3.0,0.6,6.0,10.0,0.45,0.2,0.7,6.0,False,0.5,"(0,)",50
MSR_fast_noRes,0,target,eval_fault,a0_s0.5_t150,100,468.7989658669654,80.76022373856922,,0.0,194.59,,146.9743921118581,500000,0.0,1.5,3.0,0.6,6.0,10.0,0.45,0.2,0.7,6.0,False,0.5,"(0,)",150
MSR_fast_noRes,0,target,eval_fault,a0_s0.3_t0,100,475.2993635964412,87.37483284254971,,0.0,198.93,,170.8543691291145,500000,0.0,1.5,3.0,0.6,6.0,10.0,0.45,0.2,0.7,6.0,False,0.3,"(0,)",0
MSR_fast_noRes,0,target,eval_fault,a0_s0.3_t50,100,467.8697619486718,83.75201389966718,,0.0,194.61,,156.16050557331008,500000,0.0,1.5,3.0,0.6,6.0,10.0,0.45,0.2,0.7,6.0,False,0.3,"(0,)",50
MSR_fast_noRes,0,target,eval_fault,a0_s0.3_t150,100,469.0345849563273,80.81765420820547,,0.0,194.64,,147.88740184383286,500000,0.0,1.5,3.0,0.6,6.0,10.0,0.45,0.2,0.7,6.0,False,0.3,"(0,)",150
MSR_fast_noRes,0,target,eval_fault,a1_s0.7_t0,100,471.57105392968566,81.04227241364708,,0.0,195.26,,150.53690400339894,500000,0.0,1.5,3.0,0.6,6.0,10.0,0.45,0.2,0.7,6.0,False,0.7,"(1,)",0
MSR_fast_noRes,0,target,eval_fault,a1_s0.7_t50,100,473.54463642074353,78.89216840624225,,0.0,196.33,,152.96407340642764,500000,0.0,1.5,3.0,0.6,6.0,10.0,0.45,0.2,0.7,6.0,False,0.7,"(1,)",50
MSR_fast_noRes,0,target,eval_fault,a1_s0.7_t150,100,468.7634825256272,80.64868856702888,,0.0,194.56,,148.9741447272276,500000,0.0,1.5,3.0,0.6,6.0,10.0,0.45,0.2,0.7,6.0,False,0.7,"(1,)",150
MSR_fast_noRes,0,target,eval_fault,a1_s0.5_t0,100,469.3287267600336,79.12066761936003,,0.0,193.92,,158.93444557652467,500000,0.0,1.5,3.0,0.6,6.0,10.0,0.45,0.2,0.7,6.0,False,0.5,"(1,)",0
MSR_fast_noRes,0,target,eval_fault,a1_s0.5_t50,100,472.90501183388426,76.08844651630551,,0.0,195.16,,160.3728747684532,500000,0.0,1.5,3.0,0.6,6.0,10.0,0.45,0.2,0.7,6.0,False,0.5,"(1,)",50
MSR_fast_noRes,0,target,eval_fault,a1_s0.5_t150,100,469.25406137900166,80.70107655398138,,0.0,194.61,,150.46141110921067,500000,0.0,1.5,3.0,0.6,6.0,10.0,0.45,0.2,0.7,6.0,False,0.5,"(1,)",150
MSR_fast_noRes,0,target,eval_fault,a1_s0.3_t0,100,475.7475246852867,85.14432550750944,,0.0,198.21,,175.53129231510218,500000,0.0,1.5,3.0,0.6,6.0,10.0,0.45,0.2,0.7,6.0,False,0.3,"(1,)",0
MSR_fast_noRes,0,target,eval_fault,a1_s0.3_t50,100,474.98036970894447,82.92651749117981,,0.0,197.61,,177.1929785326023,500000,0.0,1.5,3.0,0.6,6.0,10.0,0.45,0.2,0.7,6.0,False,0.3,"(1,)",50
MSR_fast_noRes,0,target,eval_fault,a1_s0.3_t150,100,471.44983209150473,81.16059480726658,,0.0,194.95,,152.92251470895854,500000,0.0,1.5,3.0,0.6,6.0,10.0,0.45,0.2,0.7,6.0,False,0.3,"(1,)",150
MSR_fast_noRes,0,target,eval_fault,a2_s0.7_t0,100,386.58942036402846,84.2486095640097,,0.0,163.49,,123.17074959749502,500000,0.0,1.5,3.0,0.6,6.0,10.0,0.45,0.2,0.7,6.0,False,0.7,"(2,)",0
MSR_fast_noRes,0,target,eval_fault,a2_s0.7_t50,100,381.18090445809537,81.49496041660409,,0.0,161.85,,119.71097942574201,500000,0.0,1.5,3.0,0.6,6.0,10.0,0.45,0.2,0.7,6.0,False,0.7,"(2,)",50
MSR_fast_noRes,0,target,eval_fault,a2_s0.7_t150,100,464.68050871229804,75.93342292715252,,0.0,193.58,,143.43896728135027,500000,0.0,1.5,3.0,0.6,6.0,10.0,0.45,0.2,0.7,6.0,False,0.7,"(2,)",150
MSR_fast_noRes,0,target,eval_fault,a2_s0.5_t0,100,318.76715531513304,22.67799186007435,,0.0,140.4,,98.57139463155414,500000,0.0,1.5,3.0,0.6,6.0,10.0,0.45,0.2,0.7,6.0,False,0.5,"(2,)",0
MSR_fast_noRes,0,target,eval_fault,a2_s0.5_t50,100,316.2270643738549,19.441572897435798,,0.0,137.77,,95.7557345263366,500000,0.0,1.5,3.0,0.6,6.0,10.0,0.45,0.2,0.7,6.0,False,0.5,"(2,)",50
MSR_fast_noRes,0,target,eval_fault,a2_s0.5_t150,100,460.77998819227645,72.0138640279844,,0.0,192.44,,141.61933488544912,500000,0.0,1.5,3.0,0.6,6.0,10.0,0.45,0.2,0.7,6.0,False,0.5,"(2,)",150
MSR_fast_noRes,0,target,eval_fault,a2_s0.3_t0,100,290.3560051317392,18.59177300271681,,0.0,133.01,,92.73496879509271,500000,0.0,1.5,3.0,0.6,6.0,10.0,0.45,0.2,0.7,6.0,False,0.3,"(2,)",0
MSR_fast_noRes,0,target,eval_fault,a2_s0.3_t50,100,279.7929049076973,19.13334878304196,,0.0,125.4,,84.39769166804501,500000,0.0,1.5,3.0,0.6,6.0,10.0,0.45,0.2,0.7,6.0,False,0.3,"(2,)",50
MSR_fast_noRes,0,target,eval_fault,a2_s0.3_t150,100,455.3426496973374,66.65902714671256,,0.0,190.61,,139.45507439213011,500000,0.0,1.5,3.0,0.6,6.0,10.0,0.45,0.2,0.7,6.0,False,0.3,"(2,)",150
MSR_fast_noRes,0,target,eval_goal,,100,244.96190193893824,34.630543098719315,1.0,0.0,155.12,0.0,101.72815720099388,500000,0.0,1.5,3.0,0.6,6.0,10.0,0.45,0.2,0.7,6.0,False,,,
MSR_fast_noRes,0,target,eval_fault_goal,a0_s0.7_t0,100,241.80863889254678,31.17930660007424,1.0,0.0,153.18,0.0,102.52713697777509,500000,0.0,1.5,3.0,0.6,6.0,10.0,0.45,0.2,0.7,6.0,False,0.7,"(0,)",0
MSR_fast_noRes,0,target,eval_fault_goal,a0_s0.7_t50,100,237.10980270713068,28.892482041357802,1.0,0.0,149.95,0.0,98.8621632540872,500000,0.0,1.5,3.0,0.6,6.0,10.0,0.45,0.2,0.7,6.0,False,0.7,"(0,)",50
MSR_fast_noRes,0,target,eval_fault_goal,a0_s0.7_t150,100,236.4750241779935,27.287355090103425,1.0,0.0,149.72,0.0,99.19153324626649,500000,0.0,1.5,3.0,0.6,6.0,10.0,0.45,0.2,0.7,6.0,False,0.7,"(0,)",150
MSR_fast_noRes,0,target,eval_fault_goal,a0_s0.5_t0,100,244.25025962895154,33.64551976990199,1.0,0.0,154.73,0.0,108.48984112902923,500000,0.0,1.5,3.0,0.6,6.0,10.0,0.45,0.2,0.7,6.0,False,0.5,"(0,)",0
MSR_fast_noRes,0,target,eval_fault_goal,a0_s0.5_t50,100,237.74248235300686,29.996554438399045,1.0,0.0,150.17,0.0,101.84296614814929,500000,0.0,1.5,3.0,0.6,6.0,10.0,0.45,0.2,0.7,6.0,False,0.5,"(0,)",50
MSR_fast_noRes,0,target,eval_fault_goal,a0_s0.5_t150,100,236.48089678619826,27.291319274704207,1.0,0.0,149.72,0.0,99.27661027526511,500000,0.0,1.5,3.0,0.6,6.0,10.0,0.45,0.2,0.7,6.0,False,0.5,"(0,)",150
MSR_fast_noRes,0,target,eval_fault_goal,a0_s0.3_t0,100,240.05352136005772,27.923198790136173,1.0,0.0,152.43,0.0,114.16893384147697,500000,0.0,1.5,3.0,0.6,6.0,10.0,0.45,0.2,0.7,6.0,False,0.3,"(0,)",0
MSR_fast_noRes,0,target,eval_fault_goal,a0_s0.3_t50,100,236.43830791114593,25.791694739463573,1.0,0.0,149.48,0.0,106.7831692801169,500000,0.0,1.5,3.0,0.6,6.0,10.0,0.45,0.2,0.7,6.0,False,0.3,"(0,)",50
MSR_fast_noRes,0,target,eval_fault_goal,a0_s0.3_t150,100,236.514537855798,27.282288330092896,1.0,0.0,149.73,0.0,99.34598210329976,500000,0.0,1.5,3.0,0.6,6.0,10.0,0.45,0.2,0.7,6.0,False,0.3,"(0,)",150
MSR_fast_noRes,0,target,eval_fault_goal,a1_s0.7_t0,100,236.70330469378257,28.095875320463207,1.0,0.0,149.6,0.0,101.2544838945249,500000,0.0,1.5,3.0,0.6,6.0,10.0,0.45,0.2,0.7,6.0,False,0.7,"(1,)",0
MSR_fast_noRes,0,target,eval_fault_goal,a1_s0.7_t50,100,236.72768053734876,28.076747359035302,1.0,0.0,149.63,0.0,101.90387695252925,500000,0.0,1.5,3.0,0.6,6.0,10.0,0.45,0.2,0.7,6.0,False,0.7,"(1,)",50
MSR_fast_noRes,0,target,eval_fault_goal,a1_s0.7_t150,100,236.46602719389065,27.27733722155113,1.0,0.0,149.72,0.0,99.344581656933,500000,0.0,1.5,3.0,0.6,6.0,10.0,0.45,0.2,0.7,6.0,False,0.7,"(1,)",150
MSR_fast_noRes,0,target,eval_fault_goal,a1_s0.5_t0,100,235.26152141431493,27.96561870483174,1.0,0.0,148.65,0.0,104.99041939304166,500000,0.0,1.5,3.0,0.6,6.0,10.0,0.45,0.2,0.7,6.0,False,0.5,"(1,)",0
MSR_fast_noRes,0,target,eval_fault_goal,a1_s0.5_t50,100,235.16179985130736,27.2905221888116,1.0,0.0,148.65,0.0,105.59441057864333,500000,0.0,1.5,3.0,0.6,6.0,10.0,0.45,0.2,0.7,6.0,False,0.5,"(1,)",50
MSR_fast_noRes,0,target,eval_fault_goal,a1_s0.5_t150,100,236.519736819256,27.220582365971666,1.0,0.0,149.74,0.0,99.70940214674775,500000,0.0,1.5,3.0,0.6,6.0,10.0,0.45,0.2,0.7,6.0,False,0.5,"(1,)",150
MSR_fast_noRes,0,target,eval_fault_goal,a1_s0.3_t0,100,238.88535225677336,38.31530745589811,1.0,0.0,149.79,0.0,116.6976262463894,500000,0.0,1.5,3.0,0.6,6.0,10.0,0.45,0.2,0.7,6.0,False,0.3,"(1,)",0
MSR_fast_noRes,0,target,eval_fault_goal,a1_s0.3_t50,100,239.13779562733126,37.69914786797569,1.0,0.0,150.01,0.0,117.63580187669373,500000,0.0,1.5,3.0,0.6,6.0,10.0,0.45,0.2,0.7,6.0,False,0.3,"(1,)",50
MSR_fast_noRes,0,target,eval_fault_goal,a1_s0.3_t150,100,236.52825313155023,26.998356226772824,1.0,0.0,149.74,0.0,100.35399026679545,500000,0.0,1.5,3.0,0.6,6.0,10.0,0.45,0.2,0.7,6.0,False,0.3,"(1,)",150
MSR_fast_noRes,0,target,eval_fault_goal,a2_s0.7_t0,100,200.67370009615192,80.4225288043331,0.8,0.0,143.59,0.19999999999999996,100.28947498047476,500000,0.0,1.5,3.0,0.6,6.0,10.0,0.45,0.2,0.7,6.0,False,0.7,"(2,)",0
MSR_fast_noRes,0,target,eval_fault_goal,a2_s0.7_t50,100,188.57126029786906,85.7447946791187,0.73,0.0,140.46,0.27,96.52650374336285,500000,0.0,1.5,3.0,0.6,6.0,10.0,0.45,0.2,0.7,6.0,False,0.7,"(2,)",50
MSR_fast_noRes,0,target,eval_fault_goal,a2_s0.7_t150,100,236.61821929581117,26.98099773516617,1.0,0.0,149.77,0.0,99.30263747341262,500000,0.0,1.5,3.0,0.6,6.0,10.0,0.45,0.2,0.7,6.0,False,0.7,"(2,)",150
MSR_fast_noRes,0,target,eval_fault_goal,a2_s0.5_t0,100,135.9932201119188,94.47114401685916,0.41,0.0,133.1,0.5900000000000001,92.46629281514615,500000,0.0,1.5,3.0,0.6,6.0,10.0,0.45,0.2,0.7,6.0,False,0.5,"(2,)",0
MSR_fast_noRes,0,target,eval_fault_goal,a2_s0.5_t50,100,132.48352926047562,96.03064926584395,0.4,0.0,130.15,0.6,87.66241534619476,500000,0.0,1.5,3.0,0.6,6.0,10.0,0.45,0.2,0.7,6.0,False,0.5,"(2,)",50
MSR_fast_noRes,0,target,eval_fault_goal,a2_s0.5_t150,100,236.70364641662175,26.428081472757086,1.0,0.0,149.79,0.0,99.63786312516866,500000,0.0,1.5,3.0,0.6,6.0,10.0,0.45,0.2,0.7,6.0,False,0.5,"(2,)",150
MSR_fast_noRes,0,target,eval_fault_goal,a2_s0.3_t0,100,96.54843771983452,88.0518915561491,0.18,0.0,125.93,0.8200000000000001,91.00292931897275,500000,0.0,1.5,3.0,0.6,6.0,10.0,0.45,0.2,0.7,6.0,False,0.3,"(2,)",0
MSR_fast_noRes,0,target,eval_fault_goal,a2_s0.3_t50,100,88.2372640526699,79.54531363893585,0.14,0.0,120.86,0.86,81.84538127353764,500000,0.0,1.5,3.0,0.6,6.0,10.0,0.45,0.2,0.7,6.0,False,0.3,"(2,)",50
MSR_fast_noRes,0,target,eval_fault_goal,a2_s0.3_t150,100,236.60244281826465,26.058877820950126,1.0,0.0,149.72,0.0,99.43130310312932,500000,0.0,1.5,3.0,0.6,6.0,10.0,0.45,0.2,0.7,6.0,False,0.3,"(2,)",150
MSR_fast_noRes,1,target,eval,,100,603.7001222894163,73.02678595574356,,0.0,374.12,,202.7234478892949,500000,0.0,1.5,3.0,0.6,6.0,10.0,0.45,0.2,0.7,6.0,False,,,
MSR_fast_noRes,1,target,eval_fault,a0_s0.7_t0,100,604.8530987990689,59.35515982721026,,0.0,371.9,,213.02005602546734,500000,0.0,1.5,3.0,0.6,6.0,10.0,0.45,0.2,0.7,6.0,False,0.7,"(0,)",0
MSR_fast_noRes,1,target,eval_fault,a0_s0.7_t50,100,601.3834872040223,61.6158712776473,,0.0,362.34,,204.42990760347303,500000,0.0,1.5,3.0,0.6,6.0,10.0,0.45,0.2,0.7,6.0,False,0.7,"(0,)",50
MSR_fast_noRes,1,target,eval_fault,a0_s0.7_t150,100,603.6235589015945,59.67585794803874,,0.0,372.64,,211.08386046555452,500000,0.0,1.5,3.0,0.6,6.0,10.0,0.45,0.2,0.7,6.0,False,0.7,"(0,)",150
MSR_fast_noRes,1,target,eval_fault,a0_s0.5_t0,100,631.1149106386679,69.26309652558093,,0.0,432.08,,243.70620239478217,500000,0.0,1.5,3.0,0.6,6.0,10.0,0.45,0.2,0.7,6.0,False,0.5,"(0,)",0
MSR_fast_noRes,1,target,eval_fault,a0_s0.5_t50,100,605.15997062026,60.491193030920286,,0.0,365.95,,210.6752792778125,500000,0.0,1.5,3.0,0.6,6.0,10.0,0.45,0.2,0.7,6.0,False,0.5,"(0,)",50
MSR_fast_noRes,1,target,eval_fault,a0_s0.5_t150,100,605.6838677951481,67.56136482517529,,0.0,373.91,,212.32590804556946,500000,0.0,1.5,3.0,0.6,6.0,10.0,0.45,0.2,0.7,6.0,False,0.5,"(0,)",150
MSR_fast_noRes,1,target,eval_fault,a0_s0.3_t0,100,607.1129571637154,100.65107870529236,,0.0,390.4,,262.30823020412527,500000,0.0,1.5,3.0,0.6,6.0,10.0,0.45,0.2,0.7,6.0,False,0.3,"(0,)",0
MSR_fast_noRes,1,target,eval_fault,a0_s0.3_t50,100,595.060284323397,100.68567885183535,,0.0,366.82,,235.97185027685205,500000,0.0,1.5,3.0,0.6,6.0,10.0,0.45,0.2,0.7,6.0,False,0.3,"(0,)",50
MSR_fast_noRes,1,target,eval_fault,a0_s0.3_t150,100,603.1894250074553,59.526742135089265,,0.0,372.32,,213.83930880134847,500000,0.0,1.5,3.0,0.6,6.0,10.0,0.45,0.2,0.7,6.0,False,0.3,"(0,)",150
MSR_fast_noRes,1,target,eval_fault,a1_s0.7_t0,100,612.041022709739,68.41606216897853,,0.0,376.17,,204.33598846641624,500000,0.0,1.5,3.0,0.6,6.0,10.0,0.45,0.2,0.7,6.0,False,0.7,"(1,)",0
MSR_fast_noRes,1,target,eval_fault,a1_s0.7_t50,100,609.9382534223166,72.82916456314342,,0.0,374.61,,209.8932530191959,500000,0.0,1.5,3.0,0.6,6.0,10.0,0.45,0.2,0.7,6.0,False,0.7,"(1,)",50
MSR_fast_noRes,1,target,eval_fault,a1_s0.7_t150,100,603.7478767574568,59.77400587140561,,0.0,372.56,,211.07613608520282,500000,0.0,1.5,3.0,0.6,6.0,10.0,0.45,0.2,0.7,6.0,False,0.7,"(1,)",150
MSR_fast_noRes,1,target,eval_fault,a1_s0.5_t0,100,608.4426432149195,100.04392842416239,,0.0,400.94,,219.3147987373895,500000,0.0,1.5,3.0,0.6,6.0,10.0,0.45,0.2,0.7,6.0,False,0.5,"(1,)",0
MSR_fast_noRes,1,target,eval_fault,a1_s0.5_t50,100,603.2487297260591,98.17328273636645,,0.0,379.51,,218.11803478221788,500000,0.0,1.5,3.0,0.6,6.0,10.0,0.45,0.2,0.7,6.0,False,0.5,"(1,)",50
MSR_fast_noRes,1,target,eval_fault,a1_s0.5_t150,100,604.8895765170707,60.748324422549004,,0.0,372.88,,212.23558188909468,500000,0.0,1.5,3.0,0.6,6.0,10.0,0.45,0.2,0.7,6.0,False,0.5,"(1,)",150
MSR_fast_noRes,1,target,eval_fault,a1_s0.3_t0,100,605.7171174545156,133.94439287276342,,0.0,433.27,,197.0651773584506,500000,0.0,1.5,3.0,0.6,6.0,10.0,0.45,0.2,0.7,6.0,False,0.3,"(1,)",0
MSR_fast_noRes,1,target,eval_fault,a1_s0.3_t50,100,607.0183445655283,119.1000836765621,,0.0,385.7,,233.14605662577233,500000,0.0,1.5,3.0,0.6,6.0,10.0,0.45,0.2,0.7,6.0,False,0.3,"(1,)",50
MSR_fast_noRes,1,target,eval_fault,a1_s0.3_t150,100,605.5542221721659,60.61702890774957,,0.0,373.95,,214.93229621165293,500000,0.0,1.5,3.0,0.6,6.0,10.0,0.45,0.2,0.7,6.0,False,0.3,"(1,)",150
MSR_fast_noRes,1,target,eval_fault,a2_s0.7_t0,100,497.2871700172255,85.43169413058646,,0.0,277.69,,135.85602694848959,500000,0.0,1.5,3.0,0.6,6.0,10.0,0.45,0.2,0.7,6.0,False,0.7,"(2,)",0
MSR_fast_noRes,1,target,eval_fault,a2_s0.7_t50,100,489.9449894503668,72.75162743625842,,0.0,248.17,,157.17119289090223,500000,0.0,1.5,3.0,0.6,6.0,10.0,0.45,0.2,0.7,6.0,False,0.7,"(2,)",50
MSR_fast_noRes,1,target,eval_fault,a2_s0.7_t150,100,603.2755368405991,68.15469864397282,,0.0,371.69,,215.4084955675438,500000,0.0,1.5,3.0,0.6,6.0,10.0,0.45,0.2,0.7,6.0,False,0.7,"(2,)",150
MSR_fast_noRes,1,target,eval_fault,a2_s0.5_t0,100,356.44460656068463,61.72511017186763,,0.0,170.71,,108.51777719970559,500000,0.0,1.5,3.0,0.6,6.0,10.0,0.45,0.2,0.7,6.0,False,0.5,"(2,)",0
MSR_fast_noRes,1,target,eval_fault,a2_s0.5_t50,100,348.7859971931986,49.056840834829146,,0.0,157.07,,115.69731001163076,500000,0.0,1.5,3.0,0.6,6.0,10.0,0.45,0.2,0.7,6.0,False,0.5,"(2,)",50
MSR_fast_noRes,1,target,eval_fault,a2_s0.5_t150,100,599.0079586209695,70.97488559503515,,0.0,365.85,,215.41825996239356,500000,0.0,1.5,3.0,0.6,6.0,10.0,0.45,0.2,0.7,6.0,False,0.5,"(2,)",150
MSR_fast_noRes,1,target,eval_fault,a2_s0.3_t0,100,329.1888631680451,57.984995919304396,,0.0,157.14,,104.63987071285402,500000,0.0,1.5,3.0,0.6,6.0,10.0,0.45,0.2,0.7,6.0,False,0.3,"(2,)",0
MSR_fast_noRes,1,target,eval_fault,a2_s0.3_t50,100,319.55437322878606,36.567758639762644,,0.0,142.49,,102.92367376001901,500000,0.0,1.5,3.0,0.6,6.0,10.0,0.45,0.2,0.7,6.0,False,0.3,"(2,)",50
MSR_fast_noRes,1,target,eval_fault,a2_s0.3_t150,100,597.3859838051645,77.11122249858845,,0.0,360.68,,227.30301824665767,500000,0.0,1.5,3.0,0.6,6.0,10.0,0.45,0.2,0.7,6.0,False,0.3,"(2,)",150
MSR_fast_noRes,1,target,eval_goal,,100,533.2017176809753,306.434526676352,0.46,0.0,338.73,0.54,151.03685815362027,500000,0.0,1.5,3.0,0.6,6.0,10.0,0.45,0.2,0.7,6.0,False,,,
MSR_fast_noRes,1,target,eval_fault_goal,a0_s0.7_t0,100,556.1924797224422,299.729414263632,0.45,0.0,349.09,0.55,163.9096859397008,500000,0.0,1.5,3.0,0.6,6.0,10.0,0.45,0.2,0.7,6.0,False,0.7,"(0,)",0
MSR_fast_noRes,1,target,eval_fault_goal,a0_s0.7_t50,100,549.6600171275084,303.0009302742838,0.43,0.0,347.76,0.5700000000000001,158.87144685489568,500000,0.0,1.5,3.0,0.6,6.0,10.0,0.45,0.2,0.7,6.0,False,0.7,"(0,)",50
MSR_fast_noRes,1,target,eval_fault_goal,a0_s0.7_t150,100,552.2413307778883,303.0023856845723,0.43,0.0,348.91,0.5700000000000001,156.69104180163282,500000,0.0,1.5,3.0,0.6,6.0,10.0,0.45,0.2,0.7,6.0,False,0.7,"(0,)",150
MSR_fast_noRes,1,target,eval_fault_goal,a0_s0.5_t0,100,575.9641065070629,294.57958516464714,0.46,0.0,355.71,0.54,184.47486938011397,500000,0.0,1.5,3.0,0.6,6.0,10.0,0.45,0.2,0.7,6.0,False,0.5,"(0,)",0
MSR_fast_noRes,1,target,eval_fault_goal,a0_s0.5_t50,100,553.2754722030302,298.6970863733353,0.47,0.0,347.09,0.53,169.4124418683923,500000,0.0,1.5,3.0,0.6,6.0,10.0,0.45,0.2,0.7,6.0,False,0.5,"(0,)",50
MSR_fast_noRes,1,target,eval_fault_goal,a0_s0.5_t150,100,549.0205616462227,301.96986225126994,0.44,0.0,346.77,0.56,157.35626105628953,500000,0.0,1.5,3.0,0.6,6.0,10.0,0.45,0.2,0.7,6.0,False,0.5,"(0,)",150
MSR_fast_noRes,1,target,eval_fault_goal,a0_s0.3_t0,100,423.93453028499357,294.592313440126,0.57,0.0,276.03,0.43000000000000005,169.85228044913674,500000,0.0,1.5,3.0,0.6,6.0,10.0,0.45,0.2,0.7,6.0,False,0.3,"(0,)",0
MSR_fast_noRes,1,target,eval_fault_goal,a0_s0.3_t50,100,518.7100813085424,325.796505823844,0.42,0.0,331.36,0.5800000000000001,190.90194567983954,500000,0.0,1.5,3.0,0.6,6.0,10.0,0.45,0.2,0.7,6.0,False,0.3,"(0,)",50
MSR_fast_noRes,1,target,eval_fault_goal,a0_s0.3_t150,100,542.9898332407327,300.69155585165373,0.46,0.0,342.78,0.54,157.66748206974634,500000,0.0,1.5,3.0,0.6,6.0,10.0,0.45,0.2,0.7,6.0,False,0.3,"(0,)",150
MSR_fast_noRes,1,target,eval_fault_goal,a1_s0.7_t0,100,625.4819335261287,282.1751590639197,0.35,0.0,392.27,0.65,172.8320201634593,500000,0.0,1.5,3.0,0.6,6.0,10.0,0.45,0.2,0.7,6.0,False,0.7,"(1,)",0
MSR_fast_noRes,1,target,eval_fault_goal,a1_s0.7_t50,100,551.1170522759571,306.7337916502869,0.42,0.0,350.38,0.5800000000000001,152.84385637994973,500000,0.0,1.5,3.0,0.6,6.0,10.0,0.45,0.2,0.7,6.0,False,0.7,"(1,)",50
MSR_fast_noRes,1,target,eval_fault_goal,a1_s0.7_t150,100,552.9281198085083,300.9280720996665,0.44,0.0,348.98,0.56,155.751281386559,500000,0.0,1.5,3.0,0.6,6.0,10.0,0.45,0.2,0.7,6.0,False,0.7,"(1,)",150
MSR_fast_noRes,1,target,eval_fault_goal,a1_s0.5_t0,100,596.2727327733521,310.93949872767064,0.27,0.0,382.35,0.73,172.25619936088682,500000,0.0,1.5,3.0,0.6,6.0,10.0,0.45,0.2,0.7,6.0,False,0.5,"(1,)",0
MSR_fast_noRes,1,target,eval_fault_goal,a1_s0.5_t50,100,537.3656528726701,319.3107493769118,0.35,0.0,349.18,0.65,153.84821258719995,500000,0.0,1.5,3.0,0.6,6.0,10.0,0.45,0.2,0.7,6.0,False,0.5,"(1,)",50
MSR_fast_noRes,1,target,eval_fault_goal,a1_s0.5_t150,100,552.0274946766726,302.493286688125,0.43,0.0,349.06,0.5700000000000001,156.07182518099012,500000,0.0,1.5,3.0,0.6,6.0,10.0,0.45,0.2,0.7,6.0,False,0.5,"(1,)",150
MSR_fast_noRes,1,target,eval_fault_goal,a1_s0.3_t0,100,581.4064396823114,335.3171945440188,0.14,0.0,387.85,0.86,174.01723002013807,500000,0.0,1.5,3.0,0.6,6.0,10.0,0.45,0.2,0.7,6.0,False,0.3,"(1,)",0
MSR_fast_noRes,1,target,eval_fault_goal,a1_s0.3_t50,100,490.37597481708275,339.6671373885717,0.33,0.0,325.6,0.6699999999999999,155.60743158789074,500000,0.0,1.5,3.0,0.6,6.0,10.0,0.45,0.2,0.7,6.0,False,0.3,"(1,)",50
MSR_fast_noRes,1,target,eval_fault_goal,a1_s0.3_t150,100,552.2088614824787,302.49761304776723,0.43,0.0,349.13,0.5700000000000001,156.5389633807457,500000,0.0,1.5,3.0,0.6,6.0,10.0,0.45,0.2,0.7,6.0,False,0.3,"(1,)",150
MSR_fast_noRes,1,target,eval_fault_goal,a2_s0.7_t0,100,400.9733537863409,296.0564221991678,0.62,0.0,265.31,0.38,124.00811804708617,500000,0.0,1.5,3.0,0.6,6.0,10.0,0.45,0.2,0.7,6.0,False,0.7,"(2,)",0
MSR_fast_noRes,1,target,eval_fault_goal,a2_s0.7_t50,100,336.5490086825827,258.05804247761944,0.77,0.0,216.86,0.22999999999999998,127.64771412748917,500000,0.0,1.5,3.0,0.6,6.0,10.0,0.45,0.2,0.7,6.0,False,0.7,"(2,)",50
MSR_fast_noRes,1,target,eval_fault_goal,a2_s0.7_t150,100,542.8254482186873,311.29068542183234,0.41,0.0,343.56,0.5900000000000001,158.3585746179731,500000,0.0,1.5,3.0,0.6,6.0,10.0,0.45,0.2,0.7,6.0,False,0.7,"(2,)",150
MSR_fast_noRes,1,target,eval_fault_goal,a2_s0.5_t0,100,166.6793852614637,147.9622405668994,0.48,0.0,147.34,0.52,101.1356736491446,500000,0.0,1.5,3.0,0.6,6.0,10.0,0.45,0.2,0.7,6.0,False,0.5,"(2,)",0
MSR_fast_noRes,1,target,eval_fault_goal,a2_s0.5_t50,100,165.14832481008932,154.98751246131297,0.48,0.0,144.88,0.52,108.3243834067801,500000,0.0,1.5,3.0,0.6,6.0,10.0,0.45,0.2,0.7,6.0,False,0.5,"(2,)",50
MSR_fast_noRes,1,target,eval_fault_goal,a2_s0.5_t150,100,536.4465874718542,313.25731694688244,0.43,0.0,337.84,0.5700000000000001,161.6686612146358,500000,0.0,1.5,3.0,0.6,6.0,10.0,0.45,0.2,0.7,6.0,False,0.5,"(2,)",150
MSR_fast_noRes,1,target,eval_fault_goal,a2_s0.3_t0,100,150.40676720656776,145.92353777035794,0.44,0.0,139.22,0.56,96.83016402072157,500000,0.0,1.5,3.0,0.6,6.0,10.0,0.45,0.2,0.7,6.0,False,0.3,"(2,)",0
MSR_fast_noRes,1,target,eval_fault_goal,a2_s0.3_t50,100,135.44312649007875,121.53597182487695,0.4,0.0,132.42,0.6,97.40308136583612,500000,0.0,1.5,3.0,0.6,6.0,10.0,0.45,0.2,0.7,6.0,False,0.3,"(2,)",50
MSR_fast_noRes,1,target,eval_fault_goal,a2_s0.3_t150,100,538.0189218440912,324.3100492026815,0.43,0.0,335.0,0.5700000000000001,178.51907594109113,500000,0.0,1.5,3.0,0.6,6.0,10.0,0.45,0.2,0.7,6.0,False,0.3,"(2,)",150
MSR_fast_noRes,2,target,eval,,100,527.6708503074974,91.99742805606506,,0.0,270.43,,181.62893716037317,500000,0.0,1.5,3.0,0.6,6.0,10.0,0.45,0.2,0.7,6.0,False,,,
MSR_fast_noRes,2,target,eval_fault,a0_s0.7_t0,100,533.5406526733019,96.38361910956588,,0.0,266.39,,188.48826508669416,500000,0.0,1.5,3.0,0.6,6.0,10.0,0.45,0.2,0.7,6.0,False,0.7,"(0,)",0
MSR_fast_noRes,2,target,eval_fault,a0_s0.7_t50,100,536.439258569901,95.32848760529373,,0.0,274.31,,182.04015776937797,500000,0.0,1.5,3.0,0.6,6.0,10.0,0.45,0.2,0.7,6.0,False,0.7,"(0,)",50
MSR_fast_noRes,2,target,eval_fault,a0_s0.7_t150,100,538.8112836504527,90.41668450217438,,0.0,274.07,,180.99085270290664,500000,0.0,1.5,3.0,0.6,6.0,10.0,0.45,0.2,0.7,6.0,False,0.7,"(0,)",150
MSR_fast_noRes,2,target,eval_fault,a0_s0.5_t0,100,550.3369679343218,86.18425827034037,,0.0,298.36,,204.03571171196484,500000,0.0,1.5,3.0,0.6,6.0,10.0,0.45,0.2,0.7,6.0,False,0.5,"(0,)",0
MSR_fast_noRes,2,target,eval_fault,a0_s0.5_t50,100,535.1474832218847,91.43664348870428,,0.0,276.72,,190.34115087765886,500000,0.0,1.5,3.0,0.6,6.0,10.0,0.45,0.2,0.7,6.0,False,0.5,"(0,)",50
MSR_fast_noRes,2,target,eval_fault,a0_s0.5_t150,100,537.9289092993941,91.89456018598852,,0.0,272.81,,181.82757600141326,500000,0.0,1.5,3.0,0.6,6.0,10.0,0.45,0.2,0.7,6.0,False,0.5,"(0,)",150
MSR_fast_noRes,2,target,eval_fault,a0_s0.3_t0,100,532.2069709011836,91.14978554031873,,0.0,265.84,,205.62364870782184,500000,0.0,1.5,3.0,0.6,6.0,10.0,0.45,0.2,0.7,6.0,False,0.3,"(0,)",0
MSR_fast_noRes,2,target,eval_fault,a0_s0.3_t50,100,541.6969702596439,100.36635696091504,,0.0,272.54,,201.52758145760527,500000,0.0,1.5,3.0,0.6,6.0,10.0,0.45,0.2,0.7,6.0,False,0.3,"(0,)",50
MSR_fast_noRes,2,target,eval_fault,a0_s0.3_t150,100,535.4594426220035,87.4155109111894,,0.0,269.58,,182.44608538580798,500000,0.0,1.5,3.0,0.6,6.0,10.0,0.45,0.2,0.7,6.0,False,0.3,"(0,)",150
MSR_fast_noRes,2,target,eval_fault,a1_s0.7_t0,100,538.9645993008639,83.37445095384568,,0.0,281.44,,182.64658920801207,500000,0.0,1.5,3.0,0.6,6.0,10.0,0.45,0.2,0.7,6.0,False,0.7,"(1,)",0
MSR_fast_noRes,2,target,eval_fault,a1_s0.7_t50,100,531.6266176368122,80.97543287329809,,0.0,269.5,,178.3975814777176,500000,0.0,1.5,3.0,0.6,6.0,10.0,0.45,0.2,0.7,6.0,False,0.7,"(1,)",50
MSR_fast_noRes,2,target,eval_fault,a1_s0.7_t150,100,535.6719350703346,86.20436830166847,,0.0,272.99,,180.40273641106498,500000,0.0,1.5,3.0,0.6,6.0,10.0,0.45,0.2,0.7,6.0,False,0.7,"(1,)",150
MSR_fast_noRes,2,target,eval_fault,a1_s0.5_t0,100,556.5984608163163,82.1274882065404,,0.0,294.09,,211.74883203477498,500000,0.0,1.5,3.0,0.6,6.0,10.0,0.45,0.2,0.7,6.0,False,0.5,"(1,)",0
MSR_fast_noRes,2,target,eval_fault,a1_s0.5_t50,100,552.0340583038603,94.20011435882593,,0.0,276.69,,201.07317084198195,500000,0.0,1.5,3.0,0.6,6.0,10.0,0.45,0.2,0.7,6.0,False,0.5,"(1,)",50
MSR_fast_noRes,2,target,eval_fault,a1_s0.5_t150,100,530.8416839002771,84.63603996776514,,0.0,270.6,,181.66649437073792,500000,0.0,1.5,3.0,0.6,6.0,10.0,0.45,0.2,0.7,6.0,False,0.5,"(1,)",150
MSR_fast_noRes,2,target,eval_fault,a1_s0.3_t0,100,563.6872379548405,89.81177172226825,,0.0,277.47,,215.8846540781316,500000,0.0,1.5,3.0,0.6,6.0,10.0,0.45,0.2,0.7,6.0,False,0.3,"(1,)",0
MSR_fast_noRes,2,target,eval_fault,a1_s0.3_t50,100,557.7630233016918,88.59079440973943,,0.0,272.94,,209.34447742888267,500000,0.0,1.5,3.0,0.6,6.0,10.0,0.45,0.2,0.7,6.0,False,0.3,"(1,)",50
MSR_fast_noRes,2,target,eval_fault,a1_s0.3_t150,100,525.7398742432562,81.93485444866428,,0.0,264.31,,185.35524809659373,500000,0.0,1.5,3.0,0.6,6.0,10.0,0.45,0.2,0.7,6.0,False,0.3,"(1,)",150
MSR_fast_noRes,2,target,eval_fault,a2_s0.7_t0,100,470.2919190231341,67.1335118393756,,0.0,193.58,,150.68111623303034,500000,0.0,1.5,3.0,0.6,6.0,10.0,0.45,0.2,0.7,6.0,False,0.7,"(2,)",0
MSR_fast_noRes,2,target,eval_fault,a2_s0.7_t50,100,474.1876866521221,61.548963965149625,,0.0,196.65,,146.80309012547602,500000,0.0,1.5,3.0,0.6,6.0,10.0,0.45,0.2,0.7,6.0,False,0.7,"(2,)",50
MSR_fast_noRes,2,target,eval_fault,a2_s0.7_t150,100,544.5762154596151,91.5491742321633,,0.0,279.07,,183.23713115354883,500000,0.0,1.5,3.0,0.6,6.0,10.0,0.45,0.2,0.7,6.0,False,0.7,"(2,)",150
MSR_fast_noRes,2,target,eval_fault,a2_s0.5_t0,100,363.2575490708712,43.72972004640549,,0.0,156.07,,117.31806454697268,500000,0.0,1.5,3.0,0.6,6.0,10.0,0.45,0.2,0.7,6.0,False,0.5,"(2,)",0
MSR_fast_noRes,2,target,eval_fault,a2_s0.5_t50,100,367.5797278073857,50.078010352599854,,0.0,161.23,,114.98907544132803,500000,0.0,1.5,3.0,0.6,6.0,10.0,0.45,0.2,0.7,6.0,False,0.5,"(2,)",50
MSR_fast_noRes,2,target,eval_fault,a2_s0.5_t150,100,548.9395110444702,94.8322142602456,,0.0,275.57,,182.04841721141887,500000,0.0,1.5,3.0,0.6,6.0,10.0,0.45,0.2,0.7,6.0,False,0.5,"(2,)",150
MSR_fast_noRes,2,target,eval_fault,a2_s0.3_t0,100,306.27514666147977,72.62027280480469,,0.0,145.96,,106.47843497596914,500000,0.0,1.5,3.0,0.6,6.0,10.0,0.45,0.2,0.7,6.0,False,0.3,"(2,)",0
MSR_fast_noRes,2,target,eval_fault,a2_s0.3_t50,100,293.6455156528162,56.65032972622682,,0.0,131.41,,93.5383575539384,500000,0.0,1.5,3.0,0.6,6.0,10.0,0.45,0.2,0.7,6.0,False,0.3,"(2,)",50
MSR_fast_noRes,2,target,eval_fault,a2_s0.3_t150,100,550.8247557479405,100.07149808884665,,0.0,267.52,,181.66830744672436,500000,0.0,1.5,3.0,0.6,6.0,10.0,0.45,0.2,0.7,6.0,False,0.3,"(2,)",150
MSR_fast_noRes,2,target,eval_goal,,100,349.63597877139114,220.60574191134006,0.87,0.0,208.39,0.13,134.81879433126727,500000,0.0,1.5,3.0,0.6,6.0,10.0,0.45,0.2,0.7,6.0,False,,,
MSR_fast_noRes,2,target,eval_fault_goal,a0_s0.7_t0,100,326.7390344858745,185.77995477193002,0.92,0.0,190.63,0.07999999999999996,128.06739222365374,500000,0.0,1.5,3.0,0.6,6.0,10.0,0.45,0.2,0.7,6.0,False,0.7,"(0,)",0
MSR_fast_noRes,2,target,eval_fault_goal,a0_s0.7_t50,100,348.701649293904,214.88876957683604,0.89,0.0,202.2,0.10999999999999999,130.96307662917943,500000,0.0,1.5,3.0,0.6,6.0,10.0,0.45,0.2,0.7,6.0,False,0.7,"(0,)",50
MSR_fast_noRes,2,target,eval_fault_goal,a0_s0.7_t150,100,340.43957159075296,205.10746090270166,0.9,0.0,198.33,0.09999999999999998,129.14770589259845,500000,0.0,1.5,3.0,0.6,6.0,10.0,0.45,0.2,0.7,6.0,False,0.7,"(0,)",150
MSR_fast_noRes,2,target,eval_fault_goal,a0_s0.5_t0,100,375.2159829657419,247.94979012378815,0.85,0.0,215.05,0.15000000000000002,146.27347278146394,500000,0.0,1.5,3.0,0.6,6.0,10.0,0.45,0.2,0.7,6.0,False,0.5,"(0,)",0
MSR_fast_noRes,2,target,eval_fault_goal,a0_s0.5_t50,100,349.86376903930636,217.74598374796895,0.89,0.0,202.18,0.10999999999999999,137.52508475895868,500000,0.0,1.5,3.0,0.6,6.0,10.0,0.45,0.2,0.7,6.0,False,0.5,"(0,)",50
MSR_fast_noRes,2,target,eval_fault_goal,a0_s0.5_t150,100,340.6087721760771,205.18035244703054,0.9,0.0,198.4,0.09999999999999998,129.46091430254776,500000,0.0,1.5,3.0,0.6,6.0,10.0,0.45,0.2,0.7,6.0,False,0.5,"(0,)",150
MSR_fast_noRes,2,target,eval_fault_goal,a0_s0.3_t0,100,373.92843412192633,255.82382196648516,0.83,0.0,216.71,0.17000000000000004,151.14521937080107,500000,0.0,1.5,3.0,0.6,6.0,10.0,0.45,0.2,0.7,6.0,False,0.3,"(0,)",0
MSR_fast_noRes,2,target,eval_fault_goal,a0_s0.3_t50,100,338.4207843666021,210.33546482048484,0.9,0.0,196.36,0.09999999999999998,142.00446452660807,500000,0.0,1.5,3.0,0.6,6.0,10.0,0.45,0.2,0.7,6.0,False,0.3,"(0,)",50
MSR_fast_noRes,2,target,eval_fault_goal,a0_s0.3_t150,100,340.0989151507646,205.09987883788935,0.9,0.0,198.17,0.09999999999999998,129.94410276288488,500000,0.0,1.5,3.0,0.6,6.0,10.0,0.45,0.2,0.7,6.0,False,0.3,"(0,)",150
MSR_fast_noRes,2,target,eval_fault_goal,a1_s0.7_t0,100,357.03038864362026,224.1310793824341,0.85,0.0,214.48,0.15000000000000002,127.56864397519497,500000,0.0,1.5,3.0,0.6,6.0,10.0,0.45,0.2,0.7,6.0,False,0.7,"(1,)",0
MSR_fast_noRes,2,target,eval_fault_goal,a1_s0.7_t50,100,340.88044140598146,204.64433403853184,0.9,0.0,198.75,0.09999999999999998,131.8211752696843,500000,0.0,1.5,3.0,0.6,6.0,10.0,0.45,0.2,0.7,6.0,False,0.7,"(1,)",50
MSR_fast_noRes,2,target,eval_fault_goal,a1_s0.7_t150,100,340.3528305592258,205.02620206278726,0.9,0.0,198.29,0.09999999999999998,129.71265924642677,500000,0.0,1.5,3.0,0.6,6.0,10.0,0.45,0.2,0.7,6.0,False,0.7,"(1,)",150
MSR_fast_noRes,2,target,eval_fault_goal,a1_s0.5_t0,100,339.3106088908589,203.536795726306,0.88,0.0,203.45,0.12,135.35316950370964,500000,0.0,1.5,3.0,0.6,6.0,10.0,0.45,0.2,0.7,6.0,False,0.5,"(1,)",0
MSR_fast_noRes,2,target,eval_fault_goal,a1_s0.5_t50,100,330.4229972749588,188.0631457010846,0.92,0.0,192.84,0.07999999999999996,137.81468858260195,500000,0.0,1.5,3.0,0.6,6.0,10.0,0.45,0.2,0.7,6.0,False,0.5,"(1,)",50
MSR_fast_noRes,2,target,eval_fault_goal,a1_s0.5_t150,100,340.3277150677116,205.11900428076987,0.9,0.0,198.25,0.09999999999999998,130.8861644600333,500000,0.0,1.5,3.0,0.6,6.0,10.0,0.45,0.2,0.7,6.0,False,0.5,"(1,)",150
MSR_fast_noRes,2,target,eval_fault_goal,a1_s0.3_t0,100,307.8909416139851,144.71008210855476,0.96,0.0,182.57,0.040000000000000036,147.29492110907114,500000,0.0,1.5,3.0,0.6,6.0,10.0,0.45,0.2,0.7,6.0,False,0.3,"(1,)",0
MSR_fast_noRes,2,target,eval_fault_goal,a1_s0.3_t50,100,311.91716226338167,169.35328175563245,0.94,0.0,184.32,0.06000000000000005,144.07689555344405,500000,0.0,1.5,3.0,0.6,6.0,10.0,0.45,0.2,0.7,6.0,False,0.3,"(1,)",50
MSR_fast_noRes,2,target,eval_fault_goal,a1_s0.3_t150,100,335.4420384696688,196.31154896545272,0.91,0.0,195.55,0.08999999999999997,132.95186713045885,500000,0.0,1.5,3.0,0.6,6.0,10.0,0.45,0.2,0.7,6.0,False,0.3,"(1,)",150
MSR_fast_noRes,2,target,eval_fault_goal,a2_s0.7_t0,100,242.03661413694496,97.16604918387377,0.88,0.0,154.0,0.12,119.18456601698432,500000,0.0,1.5,3.0,0.6,6.0,10.0,0.45,0.2,0.7,6.0,False,0.7,"(2,)",0
MSR_fast_noRes,2,target,eval_fault_goal,a2_s0.7_t50,100,244.62760962233872,97.13323313678545,0.89,0.0,154.79,0.10999999999999999,117.8135370948934,500000,0.0,1.5,3.0,0.6,6.0,10.0,0.45,0.2,0.7,6.0,False,0.7,"(2,)",50
MSR_fast_noRes,2,target,eval_fault_goal,a2_s0.7_t150,100,340.43239004618624,205.9941780588519,0.9,0.0,198.19,0.09999999999999998,128.63998404195533,500000,0.0,1.5,3.0,0.6,6.0,10.0,0.45,0.2,0.7,6.0,False,0.7,"(2,)",150
MSR_fast_noRes,2,target,eval_fault_goal,a2_s0.5_t0,100,187.62301690275018,126.80729377960165,0.61,0.0,140.65,0.39,112.96812084431178,500000,0.0,1.5,3.0,0.6,6.0,10.0,0.45,0.2,0.7,6.0,False,0.5,"(2,)",0
MSR_fast_noRes,2,target,eval_fault_goal,a2_s0.5_t50,100,186.96566575934267,133.07680368561262,0.56,0.0,143.53,0.43999999999999995,110.53494456964253,500000,0.0,1.5,3.0,0.6,6.0,10.0,0.45,0.2,0.7,6.0,False,0.5,"(2,)",50
MSR_fast_noRes,2,target,eval_fault_goal,a2_s0.5_t150,100,325.74169640139627,179.56180383148975,0.93,0.0,189.98,0.06999999999999995,126.7454167462443,500000,0.0,1.5,3.0,0.6,6.0,10.0,0.45,0.2,0.7,6.0,False,0.5,"(2,)",150
MSR_fast_noRes,2,target,eval_fault_goal,a2_s0.3_t0,100,162.06884345532856,176.5775447276855,0.42,0.0,139.78,0.5800000000000001,102.70738183472072,500000,0.0,1.5,3.0,0.6,6.0,10.0,0.45,0.2,0.7,6.0,False,0.3,"(2,)",0
MSR_fast_noRes,2,target,eval_fault_goal,a2_s0.3_t50,100,140.78414982804517,135.02911998260404,0.44,0.0,123.94,0.56,90.10653959166316,500000,0.0,1.5,3.0,0.6,6.0,10.0,0.45,0.2,0.7,6.0,False,0.3,"(2,)",50
MSR_fast_noRes,2,target,eval_fault_goal,a2_s0.3_t150,100,321.36942079899353,175.06162422068357,0.94,0.0,187.16,0.06000000000000005,127.09489899811219,500000,0.0,1.5,3.0,0.6,6.0,10.0,0.45,0.2,0.7,6.0,False,0.3,"(2,)",150
MSR_fast_resDR,0,target,eval,,100,441.408722532154,72.51382323046498,,0.0,180.05,,113.07548361894311,500000,0.3,1.5,3.0,0.6,6.0,10.0,0.45,0.2,0.7,6.0,False,,,
MSR_fast_resDR,0,target,eval_fault,a0_s0.7_t0,100,440.4910597855391,72.26736389254265,,0.0,181.33,,111.88659311112599,500000,0.3,1.5,3.0,0.6,6.0,10.0,0.45,0.2,0.7,6.0,False,0.7,"(0,)",0
MSR_fast_resDR,0,target,eval_fault,a0_s0.7_t50,100,441.6442960621196,74.76968229744696,,0.0,182.0,,113.19742887420216,500000,0.3,1.5,3.0,0.6,6.0,10.0,0.45,0.2,0.7,6.0,False,0.7,"(0,)",50
MSR_fast_resDR,0,target,eval_fault,a0_s0.7_t150,100,440.8786427194659,74.584037165327,,0.0,182.32,,113.87761466832279,500000,0.3,1.5,3.0,0.6,6.0,10.0,0.45,0.2,0.7,6.0,False,0.7,"(0,)",150
MSR_fast_resDR,0,target,eval_fault,a0_s0.5_t0,100,439.8122628360826,71.86593712372809,,0.0,179.81,,112.9828996080617,500000,0.3,1.5,3.0,0.6,6.0,10.0,0.45,0.2,0.7,6.0,False,0.5,"(0,)",0
MSR_fast_resDR,0,target,eval_fault,a0_s0.5_t50,100,442.5919434905937,75.09306075418723,,0.0,181.68,,115.753853831265,500000,0.3,1.5,3.0,0.6,6.0,10.0,0.45,0.2,0.7,6.0,False,0.5,"(0,)",50
MSR_fast_resDR,0,target,eval_fault,a0_s0.5_t150,100,440.96912992084174,74.60627502009332,,0.0,182.34,,113.98455114817392,500000,0.3,1.5,3.0,0.6,6.0,10.0,0.45,0.2,0.7,6.0,False,0.5,"(0,)",150
MSR_fast_resDR,0,target,eval_fault,a0_s0.3_t0,100,432.7119841462632,78.30861672109478,,0.0,178.08,,115.67637986548769,500000,0.3,1.5,3.0,0.6,6.0,10.0,0.45,0.2,0.7,6.0,False,0.3,"(0,)",0
MSR_fast_resDR,0,target,eval_fault,a0_s0.3_t50,100,440.3441667002886,74.79853714543314,,0.0,180.44,,119.72122939486871,500000,0.3,1.5,3.0,0.6,6.0,10.0,0.45,0.2,0.7,6.0,False,0.3,"(0,)",50
MSR_fast_resDR,0,target,eval_fault,a0_s0.3_t150,100,441.10772943002814,74.73458023551507,,0.0,182.37,,114.5421240728852,500000,0.3,1.5,3.0,0.6,6.0,10.0,0.45,0.2,0.7,6.0,False,0.3,"(0,)",150
MSR_fast_resDR,0,target,eval_fault,a1_s0.7_t0,100,443.04725911668794,71.02324925903466,,0.0,182.4,,120.46473641359931,500000,0.3,1.5,3.0,0.6,6.0,10.0,0.45,0.2,0.7,6.0,False,0.7,"(1,)",0
MSR_fast_resDR,0,target,eval_fault,a1_s0.7_t50,100,444.8850997683941,76.54989915078221,,0.0,182.19,,120.37013021130129,500000,0.3,1.5,3.0,0.6,6.0,10.0,0.45,0.2,0.7,6.0,False,0.7,"(1,)",50
MSR_fast_resDR,0,target,eval_fault,a1_s0.7_t150,100,442.4652399088569,75.40055712734852,,0.0,182.78,,117.54331310564913,500000,0.3,1.5,3.0,0.6,6.0,10.0,0.45,0.2,0.7,6.0,False,0.7,"(1,)",150
MSR_fast_resDR,0,target,eval_fault,a1_s0.5_t0,100,437.48311374062257,67.83248149527321,,0.0,179.26,,121.76075031818763,500000,0.3,1.5,3.0,0.6,6.0,10.0,0.45,0.2,0.7,6.0,False,0.5,"(1,)",0
MSR_fast_resDR,0,target,eval_fault,a1_s0.5_t50,100,441.1263044928635,74.90351331140049,,0.0,179.71,,122.92286547805706,500000,0.3,1.5,3.0,0.6,6.0,10.0,0.45,0.2,0.7,6.0,False,0.5,"(1,)",50
MSR_fast_resDR,0,target,eval_fault,a1_s0.5_t150,100,441.3608955939677,74.90607765836468,,0.0,182.48,,120.01276183177862,500000,0.3,1.5,3.0,0.6,6.0,10.0,0.45,0.2,0.7,6.0,False,0.5,"(1,)",150
MSR_fast_resDR,0,target,eval_fault,a1_s0.3_t0,100,434.3393070906201,68.86655684335757,,0.0,178.69,,125.91838089118217,500000,0.3,1.5,3.0,0.6,6.0,10.0,0.45,0.2,0.7,6.0,False,0.3,"(1,)",0
MSR_fast_resDR,0,target,eval_fault,a1_s0.3_t50,100,438.16604453384525,78.34712336437667,,0.0,178.31,,127.13483304189111,500000,0.3,1.5,3.0,0.6,6.0,10.0,0.45,0.2,0.7,6.0,False,0.3,"(1,)",50
MSR_fast_resDR,0,target,eval_fault,a1_s0.3_t150,100,438.05620802218965,72.18944434671644,,0.0,181.7,,122.88987654014403,500000,0.3,1.5,3.0,0.6,6.0,10.0,0.45,0.2,0.7,6.0,False,0.3,"(1,)",150
MSR_fast_resDR,0,target,eval_fault,a2_s0.7_t0,100,404.1017599172461,50.11452636034025,,0.0,164.41,,103.83305643381274,500000,0.3,1.5,3.0,0.6,6.0,10.0,0.45,0.2,0.7,6.0,False,0.7,"(2,)",0
MSR_fast_resDR,0,target,eval_fault,a2_s0.7_t50,100,398.69124639747184,51.034562231327,,0.0,161.99,,100.89682916372229,500000,0.3,1.5,3.0,0.6,6.0,10.0,0.45,0.2,0.7,6.0,False,0.7,"(2,)",50
MSR_fast_resDR,0,target,eval_fault,a2_s0.7_t150,100,437.257648995637,70.78533198933044,,0.0,181.43,,115.55165379807033,500000,0.3,1.5,3.0,0.6,6.0,10.0,0.45,0.2,0.7,6.0,False,0.7,"(2,)",150
MSR_fast_resDR,0,target,eval_fault,a2_s0.5_t0,100,353.71096637636583,32.19538645125114,,0.0,148.72,,98.23869306921144,500000,0.3,1.5,3.0,0.6,6.0,10.0,0.45,0.2,0.7,6.0,False,0.5,"(2,)",0
MSR_fast_resDR,0,target,eval_fault,a2_s0.5_t50,100,348.1040759010133,25.439487088581558,,0.0,145.43,,92.9473479195498,500000,0.3,1.5,3.0,0.6,6.0,10.0,0.45,0.2,0.7,6.0,False,0.5,"(2,)",50
MSR_fast_resDR,0,target,eval_fault,a2_s0.5_t150,100,433.8560117739492,67.55656066587204,,0.0,180.58,,116.93405981866556,500000,0.3,1.5,3.0,0.6,6.0,10.0,0.45,0.2,0.7,6.0,False,0.5,"(2,)",150
MSR_fast_resDR,0,target,eval_fault,a2_s0.3_t0,100,306.98539128018746,44.186718961039396,,0.0,136.37,,94.43009648812294,500000,0.3,1.5,3.0,0.6,6.0,10.0,0.45,0.2,0.7,6.0,False,0.3,"(2,)",0
MSR_fast_resDR,0,target,eval_fault,a2_s0.3_t50,100,291.04917103113127,35.8076332190215,,0.0,129.07,,81.03297808800475,500000,0.3,1.5,3.0,0.6,6.0,10.0,0.45,0.2,0.7,6.0,False,0.3,"(2,)",50
MSR_fast_resDR,0,target,eval_fault,a2_s0.3_t150,100,428.4342973504016,63.40899628954176,,0.0,178.98,,118.87629591138015,500000,0.3,1.5,3.0,0.6,6.0,10.0,0.45,0.2,0.7,6.0,False,0.3,"(2,)",150
MSR_fast_resDR,0,target,eval_goal,,100,249.3207470223272,42.044268817074055,1.0,0.0,152.96,0.0,88.6671821778419,500000,0.3,1.5,3.0,0.6,6.0,10.0,0.45,0.2,0.7,6.0,False,,,
MSR_fast_resDR,0,target,eval_fault_goal,a0_s0.7_t0,100,238.12824345890607,22.051356654320085,1.0,0.0,146.54,0.0,83.98745630199949,500000,0.3,1.5,3.0,0.6,6.0,10.0,0.45,0.2,0.7,6.0,False,0.7,"(0,)",0
MSR_fast_resDR,0,target,eval_fault_goal,a0_s0.7_t50,100,237.14288660134113,21.976193972022187,1.0,0.0,146.22,0.0,84.77028373706213,500000,0.3,1.5,3.0,0.6,6.0,10.0,0.45,0.2,0.7,6.0,False,0.7,"(0,)",50
MSR_fast_resDR,0,target,eval_fault_goal,a0_s0.7_t150,100,238.5766036453106,21.585111807083617,1.0,0.0,147.08,0.0,84.19712443064407,500000,0.3,1.5,3.0,0.6,6.0,10.0,0.45,0.2,0.7,6.0,False,0.7,"(0,)",150
MSR_fast_resDR,0,target,eval_fault_goal,a0_s0.5_t0,100,236.52369426680514,23.35615530785207,1.0,0.0,145.37,0.0,84.68252830361962,500000,0.3,1.5,3.0,0.6,6.0,10.0,0.45,0.2,0.7,6.0,False,0.5,"(0,)",0
MSR_fast_resDR,0,target,eval_fault_goal,a0_s0.5_t50,100,235.99605696682048,22.18979160921301,1.0,0.0,145.55,0.0,86.8252045145756,500000,0.3,1.5,3.0,0.6,6.0,10.0,0.45,0.2,0.7,6.0,False,0.5,"(0,)",50
MSR_fast_resDR,0,target,eval_fault_goal,a0_s0.5_t150,100,238.55475639118197,21.567073192895915,1.0,0.0,147.07,0.0,84.29283093640555,500000,0.3,1.5,3.0,0.6,6.0,10.0,0.45,0.2,0.7,6.0,False,0.5,"(0,)",150
MSR_fast_resDR,0,target,eval_fault_goal,a0_s0.3_t0,100,241.90357030881637,21.70408208738677,1.0,0.0,149.23,0.0,92.86970147866174,500000,0.3,1.5,3.0,0.6,6.0,10.0,0.45,0.2,0.7,6.0,False,0.3,"(0,)",0
MSR_fast_resDR,0,target,eval_fault_goal,a0_s0.3_t50,100,235.48699350444372,21.85594564726431,1.0,0.0,145.41,0.0,91.93975267448404,500000,0.3,1.5,3.0,0.6,6.0,10.0,0.45,0.2,0.7,6.0,False,0.3,"(0,)",50
MSR_fast_resDR,0,target,eval_fault_goal,a0_s0.3_t150,100,238.53214076481083,21.59474986612238,1.0,0.0,147.06,0.0,84.47339798488629,500000,0.3,1.5,3.0,0.6,6.0,10.0,0.45,0.2,0.7,6.0,False,0.3,"(0,)",150
MSR_fast_resDR,0,target,eval_fault_goal,a1_s0.7_t0,100,236.34050131675835,20.94556891723411,1.0,0.0,146.36,0.0,88.15168445079048,500000,0.3,1.5,3.0,0.6,6.0,10.0,0.45,0.2,0.7,6.0,False,0.7,"(1,)",0
MSR_fast_resDR,0,target,eval_fault_goal,a1_s0.7_t50,100,235.4654235646939,21.96385319853546,1.0,0.0,145.37,0.0,87.79112144933664,500000,0.3,1.5,3.0,0.6,6.0,10.0,0.45,0.2,0.7,6.0,False,0.7,"(1,)",50
MSR_fast_resDR,0,target,eval_fault_goal,a1_s0.7_t150,100,238.57360963578893,21.56928207088799,1.0,0.0,147.08,0.0,84.72093312427376,500000,0.3,1.5,3.0,0.6,6.0,10.0,0.45,0.2,0.7,6.0,False,0.7,"(1,)",150
MSR_fast_resDR,0,target,eval_fault_goal,a1_s0.5_t0,100,234.36971949221058,23.055935645051424,1.0,0.0,144.81,0.0,89.9313379380299,500000,0.3,1.5,3.0,0.6,6.0,10.0,0.45,0.2,0.7,6.0,False,0.5,"(1,)",0
MSR_fast_resDR,0,target,eval_fault_goal,a1_s0.5_t50,100,232.74415531450822,22.751625205244565,1.0,0.0,144.04,0.0,90.08959257845476,500000,0.3,1.5,3.0,0.6,6.0,10.0,0.45,0.2,0.7,6.0,False,0.5,"(1,)",50
MSR_fast_resDR,0,target,eval_fault_goal,a1_s0.5_t150,100,238.465337451949,21.672576431960795,1.0,0.0,147.03,0.0,84.89066372237609,500000,0.3,1.5,3.0,0.6,6.0,10.0,0.45,0.2,0.7,6.0,False,0.5,"(1,)",150
MSR_fast_resDR,0,target,eval_fault_goal,a1_s0.3_t0,100,236.05623142477742,25.20804402384981,1.0,0.0,145.24,0.0,95.35989165419888,500000,0.3,1.5,3.0,0.6,6.0,10.0,0.45,0.2,0.7,6.0,False,0.3,"(1,)",0
MSR_fast_resDR,0,target,eval_fault_goal,a1_s0.3_t50,100,230.98047253654062,24.20381412379185,1.0,0.0,143.08,0.0,94.66345401844883,500000,0.3,1.5,3.0,0.6,6.0,10.0,0.45,0.2,0.7,6.0,False,0.3,"(1,)",50
MSR_fast_resDR,0,target,eval_fault_goal,a1_s0.3_t150,100,238.18178671895905,21.75569864157,1.0,0.0,146.9,0.0,84.92178358404871,500000,0.3,1.5,3.0,0.6,6.0,10.0,0.45,0.2,0.7,6.0,False,0.3,"(1,)",150
MSR_fast_resDR,0,target,eval_fault_goal,a2_s0.7_t0,100,206.7859239786473,67.32718048917717,0.86,0.0,139.11,0.14,83.09341571540804,500000,0.3,1.5,3.0,0.6,6.0,10.0,0.45,0.2,0.7,6.0,False,0.7,"(2,)",0
MSR_fast_resDR,0,target,eval_fault_goal,a2_s0.7_t50,100,200.21122288137448,74.35525975263685,0.81,0.0,138.43,0.18999999999999995,81.73707030563018,500000,0.3,1.5,3.0,0.6,6.0,10.0,0.45,0.2,0.7,6.0,False,0.7,"(2,)",50
MSR_fast_resDR,0,target,eval_fault_goal,a2_s0.7_t150,100,238.65039490422225,21.36592841249328,1.0,0.0,147.12,0.0,85.10593312234592,500000,0.3,1.5,3.0,0.6,6.0,10.0,0.45,0.2,0.7,6.0,False,0.7,"(2,)",150
MSR_fast_resDR,0,target,eval_fault_goal,a2_s0.5_t0,100,165.89345089191158,93.15560251312917,0.62,0.0,132.07,0.38,87.096315726896,500000,0.3,1.5,3.0,0.6,6.0,10.0,0.45,0.2,0.7,6.0,False,0.5,"(2,)",0
MSR_fast_resDR,0,target,eval_fault_goal,a2_s0.5_t50,100,163.07209828920918,95.08548983946389,0.62,0.0,130.53,0.38,84.56096581855847,500000,0.3,1.5,3.0,0.6,6.0,10.0,0.45,0.2,0.7,6.0,False,0.5,"(2,)",50
MSR_fast_resDR,0,target,eval_fault_goal,a2_s0.5_t150,100,238.69133116898368,21.200224749148624,1.0,0.0,147.14,0.0,85.58251507234735,500000,0.3,1.5,3.0,0.6,6.0,10.0,0.45,0.2,0.7,6.0,False,0.5,"(2,)",150
MSR_fast_resDR,0,target,eval_fault_goal,a2_s0.3_t0,100,127.80358643473832,107.5187588175081,0.43,0.0,123.49,0.5700000000000001,86.53577495611098,500000,0.3,1.5,3.0,0.6,6.0,10.0,0.45,0.2,0.7,6.0,False,0.3,"(2,)",0
MSR_fast_resDR,0,target,eval_fault_goal,a2_s0.3_t50,100,93.39300719910864,94.51863413007514,0.21,0.0,118.37,0.79,75.60786792667699,500000,0.3,1.5,3.0,0.6,6.0,10.0,0.45,0.2,0.7,6.0,False,0.3,"(2,)",50
MSR_fast_resDR,0,target,eval_fault_goal,a2_s0.3_t150,100,236.53446720776958,29.32552870214488,0.98,0.0,147.16,0.020000000000000018,86.12534674075407,500000,0.3,1.5,3.0,0.6,6.0,10.0,0.45,0.2,0.7,6.0,False,0.3,"(2,)",150
MSR_fast_resDR,1,target,eval,,100,631.9711716628074,140.95703273989886,,0.0,227.8,,185.44362234807457,500000,0.3,1.5,3.0,0.6,6.0,10.0,0.45,0.2,0.7,6.0,False,,,
MSR_fast_resDR,1,target,eval_fault,a0_s0.7_t0,100,654.9187166559424,146.16494401789447,,0.0,238.03,,201.3481903198728,500000,0.3,1.5,3.0,0.6,6.0,10.0,0.45,0.2,0.7,6.0,False,0.7,"(0,)",0
MSR_fast_resDR,1,target,eval_fault,a0_s0.7_t50,100,647.646502014531,141.3858895170287,,0.0,232.5,,200.26220548827158,500000,0.3,1.5,3.0,0.6,6.0,10.0,0.45,0.2,0.7,6.0,False,0.7,"(0,)",50
MSR_fast_resDR,1,target,eval_fault,a0_s0.7_t150,100,637.7090192106754,132.99782221552906,,0.0,229.82,,191.9305942489166,500000,0.3,1.5,3.0,0.6,6.0,10.0,0.45,0.2,0.7,6.0,False,0.7,"(0,)",150
MSR_fast_resDR,1,target,eval_fault,a0_s0.5_t0,100,672.4778891645656,149.7311686596291,,0.0,253.37,,214.46092919613292,500000,0.3,1.5,3.0,0.6,6.0,10.0,0.45,0.2,0.7,6.0,False,0.5,"(0,)",0
MSR_fast_resDR,1,target,eval_fault,a0_s0.5_t50,100,668.0508145749445,160.12276043987418,,0.0,242.11,,214.48077827457834,500000,0.3,1.5,3.0,0.6,6.0,10.0,0.45,0.2,0.7,6.0,False,0.5,"(0,)",50
MSR_fast_resDR,1,target,eval_fault,a0_s0.5_t150,100,637.0413877641989,134.0265614899723,,0.0,229.61,,194.86374728876342,500000,0.3,1.5,3.0,0.6,6.0,10.0,0.45,0.2,0.7,6.0,False,0.5,"(0,)",150
MSR_fast_resDR,1,target,eval_fault,a0_s0.3_t0,100,677.5352583828932,178.55660456964392,,0.0,263.41,,236.80158235509646,500000,0.3,1.5,3.0,0.6,6.0,10.0,0.45,0.2,0.7,6.0,False,0.3,"(0,)",0
MSR_fast_resDR,1,target,eval_fault,a0_s0.3_t50,100,675.8399821248812,182.42756002793283,,0.0,255.33,,234.2901840925034,500000,0.3,1.5,3.0,0.6,6.0,10.0,0.45,0.2,0.7,6.0,False,0.3,"(0,)",50
MSR_fast_resDR,1,target,eval_fault,a0_s0.3_t150,100,634.9064848301316,129.29976055636763,,0.0,229.34,,202.33321142405913,500000,0.3,1.5,3.0,0.6,6.0,10.0,0.45,0.2,0.7,6.0,False,0.3,"(0,)",150
MSR_fast_resDR,1,target,eval_fault,a1_s0.7_t0,100,645.8767167866092,158.44568246458587,,0.0,239.4,,201.63253616021836,500000,0.3,1.5,3.0,0.6,6.0,10.0,0.45,0.2,0.7,6.0,False,0.7,"(1,)",0
MSR_fast_resDR,1,target,eval_fault,a1_s0.7_t50,100,642.6324388901891,164.88378923828964,,0.0,236.94,,196.9244274427538,500000,0.3,1.5,3.0,0.6,6.0,10.0,0.45,0.2,0.7,6.0,False,0.7,"(1,)",50
MSR_fast_resDR,1,target,eval_fault,a1_s0.7_t150,100,636.6281416905969,135.6837058454749,,0.0,229.45,,193.7389117432415,500000,0.3,1.5,3.0,0.6,6.0,10.0,0.45,0.2,0.7,6.0,False,0.7,"(1,)",150
MSR_fast_resDR,1,target,eval_fault,a1_s0.5_t0,100,659.1934962967695,163.83934742431754,,0.0,251.03,,219.675000459608,500000,0.3,1.5,3.0,0.6,6.0,10.0,0.45,0.2,0.7,6.0,False,0.5,"(1,)",0
MSR_fast_resDR,1,target,eval_fault,a1_s0.5_t50,100,624.147278076901,162.33589709383625,,0.0,230.3,,197.26745890323363,500000,0.3,1.5,3.0,0.6,6.0,10.0,0.45,0.2,0.7,6.0,False,0.5,"(1,)",50
MSR_fast_resDR,1,target,eval_fault,a1_s0.5_t150,100,625.3710894255964,131.427942435881,,0.0,228.03,,192.4192919762584,500000,0.3,1.5,3.0,0.6,6.0,10.0,0.45,0.2,0.7,6.0,False,0.5,"(1,)",150
MSR_fast_resDR,1,target,eval_fault,a1_s0.3_t0,100,648.7387307327824,183.86511524000093,,0.0,259.36,,217.42969457999047,500000,0.3,1.5,3.0,0.6,6.0,10.0,0.45,0.2,0.7,6.0,False,0.3,"(1,)",0
MSR_fast_resDR,1,target,eval_fault,a1_s0.3_t50,100,658.1917247639713,250.48888438047044,,0.0,263.12,,221.06147018837714,500000,0.3,1.5,3.0,0.6,6.0,10.0,0.45,0.2,0.7,6.0,False,0.3,"(1,)",50
MSR_fast_resDR,1,target,eval_fault,a1_s0.3_t150,100,647.3876084219901,145.01512917018013,,0.0,234.96,,203.9561172557075,500000,0.3,1.5,3.0,0.6,6.0,10.0,0.45,0.2,0.7,6.0,False,0.3,"(1,)",150
MSR_fast_resDR,1,target,eval_fault,a2_s0.7_t0,100,534.1407403128266,201.77349498446276,,0.0,202.08,,148.56082743587496,500000,0.3,1.5,3.0,0.6,6.0,10.0,0.45,0.2,0.7,6.0,False,0.7,"(2,)",0
MSR_fast_resDR,1,target,eval_fault,a2_s0.7_t50,100,485.67210288792694,122.29866281224668,,0.0,182.34,,128.937591932645,500000,0.3,1.5,3.0,0.6,6.0,10.0,0.45,0.2,0.7,6.0,False,0.7,"(2,)",50
MSR_fast_resDR,1,target,eval_fault,a2_s0.7_t150,100,649.1117977419303,146.98986868752942,,0.0,237.73,,195.93310252828581,500000,0.3,1.5,3.0,0.6,6.0,10.0,0.45,0.2,0.7,6.0,False,0.7,"(2,)",150
MSR_fast_resDR,1,target,eval_fault,a2_s0.5_t0,100,369.4493574496289,31.2530089659357,,0.0,150.78,,110.02607784422318,500000,0.3,1.5,3.0,0.6,6.0,10.0,0.45,0.2,0.7,6.0,False,0.5,"(2,)",0
MSR_fast_resDR,1,target,eval_fault,a2_s0.5_t50,100,353.09091634888205,22.657357748104705,,0.0,144.26,,96.95005158280065,500000,0.3,1.5,3.0,0.6,6.0,10.0,0.45,0.2,0.7,6.0,False,0.5,"(2,)",50
MSR_fast_resDR,1,target,eval_fault,a2_s0.5_t150,100,667.8545597315232,166.0387758013304,,0.0,245.34,,201.455930202562,500000,0.3,1.5,3.0,0.6,6.0,10.0,0.45,0.2,0.7,6.0,False,0.5,"(2,)",150
MSR_fast_resDR,1,target,eval_fault,a2_s0.3_t0,100,306.21732907163715,39.427944352448236,,0.0,135.61,,104.61420397096896,500000,0.3,1.5,3.0,0.6,6.0,10.0,0.45,0.2,0.7,6.0,False,0.3,"(2,)",0
MSR_fast_resDR,1,target,eval_fault,a2_s0.3_t50,100,285.5479100663425,42.677752365271616,,0.0,127.11,,83.11044059266278,500000,0.3,1.5,3.0,0.6,6.0,10.0,0.45,0.2,0.7,6.0,False,0.3,"(2,)",50
MSR_fast_resDR,1,target,eval_fault,a2_s0.3_t150,100,615.2141025305125,140.19655064886555,,0.0,227.43,,189.5984637780051,500000,0.3,1.5,3.0,0.6,6.0,10.0,0.45,0.2,0.7,6.0,False,0.3,"(2,)",150
MSR_fast_resDR,1,target,eval_goal,,100,236.72577646372076,46.37113150170502,1.0,0.0,144.23,0.0,95.38454004103893,500000,0.3,1.5,3.0,0.6,6.0,10.0,0.45,0.2,0.7,6.0,False,,,
MSR_fast_resDR,1,target,eval_fault_goal,a0_s0.7_t0,100,236.96306262929326,43.18962983556692,1.0,0.0,143.54,0.0,97.5899844447081,500000,0.3,1.5,3.0,0.6,6.0,10.0,0.45,0.2,0.7,6.0,False,0.7,"(0,)",0
MSR_fast_resDR,1,target,eval_fault_goal,a0_s0.7_t50,100,238.3736784192474,43.73741745958035,1.0,0.0,144.44,0.0,98.14631253771833,500000,0.3,1.5,3.0,0.6,6.0,10.0,0.45,0.2,0.7,6.0,False,0.7,"(0,)",50
MSR_fast_resDR,1,target,eval_fault_goal,a0_s0.7_t150,100,238.1448578965584,43.070770280298284,1.0,0.0,144.53,0.0,97.15059838121233,500000,0.3,1.5,3.0,0.6,6.0,10.0,0.45,0.2,0.7,6.0,False,0.7,"(0,)",150
MSR_fast_resDR,1,target,eval_fault_goal,a0_s0.5_t0,100,238.60203854087524,48.28729451063067,1.0,0.0,144.12,0.0,100.59095607492782,500000,0.3,1.5,3.0,0.6,6.0,10.0,0.45,0.2,0.7,6.0,False,0.5,"(0,)",0
MSR_fast_resDR,1,target,eval_fault_goal,a0_s0.5_t50,100,238.23568460918196,44.244180668013904,1.0,0.0,144.24,0.0,100.56423137614155,500000,0.3,1.5,3.0,0.6,6.0,10.0,0.45,0.2,0.7,6.0,False,0.5,"(0,)",50
MSR_fast_resDR,1,target,eval_fault_goal,a0_s0.5_t150,100,238.14626088282813,43.06957212479656,1.0,0.0,144.53,0.0,97.37208966055361,500000,0.3,1.5,3.0,0.6,6.0,10.0,0.45,0.2,0.7,6.0,False,0.5,"(0,)",150
MSR_fast_resDR,1,target,eval_fault_goal,a0_s0.3_t0,100,243.68144755294168,45.56032228496003,1.0,0.0,146.98,0.0,113.2487267695868,500000,0.3,1.5,3.0,0.6,6.0,10.0,0.45,0.2,0.7,6.0,False,0.3,"(0,)",0
MSR_fast_resDR,1,target,eval_fault_goal,a0_s0.3_t50,100,239.37453191045685,43.807106917991476,1.0,0.0,144.94,0.0,106.57816863686254,500000,0.3,1.5,3.0,0.6,6.0,10.0,0.45,0.2,0.7,6.0,False,0.3,"(0,)",50
MSR_fast_resDR,1,target,eval_fault_goal,a0_s0.3_t150,100,238.1237108486332,43.09058490400776,1.0,0.0,144.52,0.0,97.8407973985694,500000,0.3,1.5,3.0,0.6,6.0,10.0,0.45,0.2,0.7,6.0,False,0.3,"(0,)",150
MSR_fast_resDR,1,target,eval_fault_goal,a1_s0.7_t0,100,241.49931912992707,42.595812705285596,1.0,0.0,146.49,0.0,102.15578305432689,500000,0.3,1.5,3.0,0.6,6.0,10.0,0.45,0.2,0.7,6.0,False,0.7,"(1,)",0
MSR_fast_resDR,1,target,eval_fault_goal,a1_s0.7_t50,100,239.10138361025216,42.47282277329932,1.0,0.0,145.15,0.0,100.27648000877642,500000,0.3,1.5,3.0,0.6,6.0,10.0,0.45,0.2,0.7,6.0,False,0.7,"(1,)",50
MSR_fast_resDR,1,target,eval_fault_goal,a1_s0.7_t150,100,238.14952894635223,43.06694971668034,1.0,0.0,144.53,0.0,97.14405054043455,500000,0.3,1.5,3.0,0.6,6.0,10.0,0.45,0.2,0.7,6.0,False,0.7,"(1,)",150
MSR_fast_resDR,1,target,eval_fault_goal,a1_s0.5_t0,100,245.8173067478556,42.97653943143472,1.0,0.0,149.16,0.0,109.03736211421914,500000,0.3,1.5,3.0,0.6,6.0,10.0,0.45,0.2,0.7,6.0,False,0.5,"(1,)",0
MSR_fast_resDR,1,target,eval_fault_goal,a1_s0.5_t50,100,239.80905489187305,42.24688858777889,1.0,0.0,145.61,0.0,102.9639834342344,500000,0.3,1.5,3.0,0.6,6.0,10.0,0.45,0.2,0.7,6.0,False,0.5,"(1,)",50
MSR_fast_resDR,1,target,eval_fault_goal,a1_s0.5_t150,100,238.13090816579154,43.084457271171274,1.0,0.0,144.52,0.0,97.2815350647032,500000,0.3,1.5,3.0,0.6,6.0,10.0,0.45,0.2,0.7,6.0,False,0.5,"(1,)",150
MSR_fast_resDR,1,target,eval_fault_goal,a1_s0.3_t0,100,252.36447159340173,47.73287084167243,1.0,0.0,153.71,0.0,118.53146438988915,500000,0.3,1.5,3.0,0.6,6.0,10.0,0.45,0.2,0.7,6.0,False,0.3,"(1,)",0
MSR_fast_resDR,1,target,eval_fault_goal,a1_s0.3_t50,100,240.16068506144475,41.78865410468864,1.0,0.0,145.99,0.0,107.43750906125292,500000,0.3,1.5,3.0,0.6,6.0,10.0,0.45,0.2,0.7,6.0,False,0.3,"(1,)",50
MSR_fast_resDR,1,target,eval_fault_goal,a1_s0.3_t150,100,238.08760831247244,43.13012789460242,1.0,0.0,144.5,0.0,97.49229334573668,500000,0.3,1.5,3.0,0.6,6.0,10.0,0.45,0.2,0.7,6.0,False,0.3,"(1,)",150
MSR_fast_resDR,1,target,eval_fault_goal,a2_s0.7_t0,100,216.6946542475519,71.65453939679743,0.89,0.0,139.98,0.10999999999999999,91.97074154661009,500000,0.3,1.5,3.0,0.6,6.0,10.0,0.45,0.2,0.7,6.0,False,0.7,"(2,)",0
MSR_fast_resDR,1,target,eval_fault_goal,a2_s0.7_t50,100,220.89713230273952,63.643711477358046,0.93,0.0,139.82,0.06999999999999995,90.13929136660823,500000,0.3,1.5,3.0,0.6,6.0,10.0,0.45,0.2,0.7,6.0,False,0.7,"(2,)",50
MSR_fast_resDR,1,target,eval_fault_goal,a2_s0.7_t150,100,238.17144147697073,43.04727360383474,1.0,0.0,144.54,0.0,97.086149434619,500000,0.3,1.5,3.0,0.6,6.0,10.0,0.45,0.2,0.7,6.0,False,0.7,"(2,)",150
MSR_fast_resDR,1,target,eval_fault_goal,a2_s0.5_t0,100,160.52564602278582,108.91822931750349,0.56,0.0,131.1,0.43999999999999995,89.21895058120418,500000,0.3,1.5,3.0,0.6,6.0,10.0,0.45,0.2,0.7,6.0,False,0.5,"(2,)",0
MSR_fast_resDR,1,target,eval_fault_goal,a2_s0.5_t50,100,158.17236491314208,109.10031300840807,0.55,0.0,130.24,0.44999999999999996,84.36628152685357,500000,0.3,1.5,3.0,0.6,6.0,10.0,0.45,0.2,0.7,6.0,False,0.5,"(2,)",50
MSR_fast_resDR,1,target,eval_fault_goal,a2_s0.5_t150,100,238.17538588266012,43.0441195578883,1.0,0.0,144.54,0.0,97.05008158074168,500000,0.3,1.5,3.0,0.6,6.0,10.0,0.45,0.2,0.7,6.0,False,0.5,"(2,)",150
MSR_fast_resDR,1,target,eval_fault_goal,a2_s0.3_t0,100,130.94110142084162,129.11087660723777,0.45,0.0,123.2,0.55,90.70311406084627,500000,0.3,1.5,3.0,0.6,6.0,10.0,0.45,0.2,0.7,6.0,False,0.3,"(2,)",0
MSR_fast_resDR,1,target,eval_fault_goal,a2_s0.3_t50,100,118.73144578797341,127.04375927772814,0.38,0.0,118.56,0.62,76.6029398742423,500000,0.3,1.5,3.0,0.6,6.0,10.0,0.45,0.2,0.7,6.0,False,0.3,"(2,)",50
MSR_fast_resDR,1,target,eval_fault_goal,a2_s0.3_t150,100,238.15272579392592,43.0660282548509,1.0,0.0,144.53,0.0,96.84719225390523,500000,0.3,1.5,3.0,0.6,6.0,10.0,0.45,0.2,0.7,6.0,False,0.3,"(2,)",150
MSR_fast_resDR,2,target,eval,,100,427.11909753666106,74.04935349353276,,0.0,172.39,,103.14972011287901,500000,0.3,1.5,3.0,0.6,6.0,10.0,0.45,0.2,0.7,6.0,False,,,
MSR_fast_resDR,2,target,eval_fault,a0_s0.7_t0,100,431.6082378082137,71.66304289639703,,0.0,172.33,,110.88700469963092,500000,0.3,1.5,3.0,0.6,6.0,10.0,0.45,0.2,0.7,6.0,False,0.7,"(0,)",0
MSR_fast_resDR,2,target,eval_fault,a0_s0.7_t50,100,430.6030260630814,73.52384755450124,,0.0,172.01,,108.51565691027717,500000,0.3,1.5,3.0,0.6,6.0,10.0,0.45,0.2,0.7,6.0,False,0.7,"(0,)",50
MSR_fast_resDR,2,target,eval_fault,a0_s0.7_t150,100,428.80558086866955,72.51378999228545,,0.0,171.73,,107.6750302821878,500000,0.3,1.5,3.0,0.6,6.0,10.0,0.45,0.2,0.7,6.0,False,0.7,"(0,)",150
MSR_fast_resDR,2,target,eval_fault,a0_s0.5_t0,100,433.46215207272394,70.33845937648552,,0.0,172.91,,115.66525613937964,500000,0.3,1.5,3.0,0.6,6.0,10.0,0.45,0.2,0.7,6.0,False,0.5,"(0,)",0
MSR_fast_resDR,2,target,eval_fault,a0_s0.5_t50,100,432.2364063364098,73.84607179023054,,0.0,172.46,,112.72795351574052,500000,0.3,1.5,3.0,0.6,6.0,10.0,0.45,0.2,0.7,6.0,False,0.5,"(0,)",50
MSR_fast_resDR,2,target,eval_fault,a0_s0.5_t150,100,428.58531021509924,72.3460763746286,,0.0,171.7,,108.28241731832473,500000,0.3,1.5,3.0,0.6,6.0,10.0,0.45,0.2,0.7,6.0,False,0.5,"(0,)",150
MSR_fast_resDR,2,target,eval_fault,a0_s0.3_t0,100,432.27066085655633,74.91268541143893,,0.0,172.55,,121.77323768317495,500000,0.3,1.5,3.0,0.6,6.0,10.0,0.45,0.2,0.7,6.0,False,0.3,"(0,)",0
MSR_fast_resDR,2,target,eval_fault,a0_s0.3_t50,100,432.009078076398,75.95929983479677,,0.0,172.16,,119.79283692543628,500000,0.3,1.5,3.0,0.6,6.0,10.0,0.45,0.2,0.7,6.0,False,0.3,"(0,)",50
MSR_fast_resDR,2,target,eval_fault,a0_s0.3_t150,100,427.9085246810136,71.5874768950846,,0.0,171.64,,109.38676378932462,500000,0.3,1.5,3.0,0.6,6.0,10.0,0.45,0.2,0.7,6.0,False,0.3,"(0,)",150
MSR_fast_resDR,2,target,eval_fault,a1_s0.7_t0,100,434.39318111722883,72.3034428443069,,0.0,174.07,,111.65589227105083,500000,0.3,1.5,3.0,0.6,6.0,10.0,0.45,0.2,0.7,6.0,False,0.7,"(1,)",0
MSR_fast_resDR,2,target,eval_fault,a1_s0.7_t50,100,434.003214073923,73.3705593044549,,0.0,173.87,,111.84412514056079,500000,0.3,1.5,3.0,0.6,6.0,10.0,0.45,0.2,0.7,6.0,False,0.7,"(1,)",50
MSR_fast_resDR,2,target,eval_fault,a1_s0.7_t150,100,428.5749542161855,71.9784429331121,,0.0,171.74,,107.98588457243022,500000,0.3,1.5,3.0,0.6,6.0,10.0,0.45,0.2,0.7,6.0,False,0.7,"(1,)",150
MSR_fast_resDR,2,target,eval_fault,a1_s0.5_t0,100,440.73976529652856,77.26372967111223,,0.0,175.2,,124.05579961554663,500000,0.3,1.5,3.0,0.6,6.0,10.0,0.45,0.2,0.7,6.0,False,0.5,"(1,)",0
MSR_fast_resDR,2,target,eval_fault,a1_s0.5_t50,100,440.36661125206484,78.2811935467244,,0.0,175.02,,122.2397057744849,500000,0.3,1.5,3.0,0.6,6.0,10.0,0.45,0.2,0.7,6.0,False,0.5,"(1,)",50
MSR_fast_resDR,2,target,eval_fault,a1_s0.5_t150,100,428.36623385938213,71.96234994820686,,0.0,171.77,,109.05262246561121,500000,0.3,1.5,3.0,0.6,6.0,10.0,0.45,0.2,0.7,6.0,False,0.5,"(1,)",150
MSR_fast_resDR,2,target,eval_fault,a1_s0.3_t0,100,433.4297274933782,83.30102847107798,,0.0,173.46,,132.59801572014476,500000,0.3,1.5,3.0,0.6,6.0,10.0,0.45,0.2,0.7,6.0,False,0.3,"(1,)",0
MSR_fast_resDR,2,target,eval_fault,a1_s0.3_t50,100,439.0776671221234,81.71820174401908,,0.0,174.77,,136.21331596603457,500000,0.3,1.5,3.0,0.6,6.0,10.0,0.45,0.2,0.7,6.0,False,0.3,"(1,)",50
MSR_fast_resDR,2,target,eval_fault,a1_s0.3_t150,100,427.6509992891956,71.7237442749738,,0.0,171.76,,110.91303950010013,500000,0.3,1.5,3.0,0.6,6.0,10.0,0.45,0.2,0.7,6.0,False,0.3,"(1,)",150
MSR_fast_resDR,2,target,eval_fault,a2_s0.7_t0,100,346.55122932287645,20.050833773296166,,0.0,145.56,,95.42925627541568,500000,0.3,1.5,3.0,0.6,6.0,10.0,0.45,0.2,0.7,6.0,False,0.7,"(2,)",0
MSR_fast_resDR,2,target,eval_fault,a2_s0.7_t50,100,348.42303568895875,22.171034105398753,,0.0,146.15,,96.01070957248129,500000,0.3,1.5,3.0,0.6,6.0,10.0,0.45,0.2,0.7,6.0,False,0.7,"(2,)",50
MSR_fast_resDR,2,target,eval_fault,a2_s0.7_t150,100,427.8174177083744,70.61562824518427,,0.0,171.48,,106.9305421896241,500000,0.3,1.5,3.0,0.6,6.0,10.0,0.45,0.2,0.7,6.0,False,0.7,"(2,)",150
MSR_fast_resDR,2,target,eval_fault,a2_s0.5_t0,100,313.54833239661673,8.352966601978519,,0.0,133.98,,86.75627968593108,500000,0.3,1.5,3.0,0.6,6.0,10.0,0.45,0.2,0.7,6.0,False,0.5,"(2,)",0
MSR_fast_resDR,2,target,eval_fault,a2_s0.5_t50,100,314.2943935613168,6.813981650241939,,0.0,134.1,,83.04934072130345,500000,0.3,1.5,3.0,0.6,6.0,10.0,0.45,0.2,0.7,6.0,False,0.5,"(2,)",50
MSR_fast_resDR,2,target,eval_fault,a2_s0.5_t150,100,428.0509804804308,70.3791752639916,,0.0,171.4,,107.07721105594595,500000,0.3,1.5,3.0,0.6,6.0,10.0,0.45,0.2,0.7,6.0,False,0.5,"(2,)",150
MSR_fast_resDR,2,target,eval_fault,a2_s0.3_t0,100,289.13692021766167,12.25033260753155,,0.0,126.66,,77.21640416340261,500000,0.3,1.5,3.0,0.6,6.0,10.0,0.45,0.2,0.7,6.0,False,0.3,"(2,)",0
MSR_fast_resDR,2,target,eval_fault,a2_s0.3_t50,100,287.7876386459857,11.073784768606108,,0.0,126.15,,70.64870927643759,500000,0.3,1.5,3.0,0.6,6.0,10.0,0.45,0.2,0.7,6.0,False,0.3,"(2,)",50
MSR_fast_resDR,2,target,eval_fault,a2_s0.3_t150,100,427.70134909821564,69.5662486207127,,0.0,171.2,,107.89535577576578,500000,0.3,1.5,3.0,0.6,6.0,10.0,0.45,0.2,0.7,6.0,False,0.3,"(2,)",150
MSR_fast_resDR,2,target,eval_goal,,100,236.14775524114674,38.75248602470343,1.0,0.0,151.61,0.0,100.45097214972513,500000,0.3,1.5,3.0,0.6,6.0,10.0,0.45,0.2,0.7,6.0,False,,,
MSR_fast_resDR,2,target,eval_fault_goal,a0_s0.7_t0,100,244.77710165694415,44.12738789955,1.0,0.0,152.33,0.0,94.41631086893962,500000,0.3,1.5,3.0,0.6,6.0,10.0,0.45,0.2,0.7,6.0,False,0.7,"(0,)",0
MSR_fast_resDR,2,target,eval_fault_goal,a0_s0.7_t50,100,244.90451628706614,44.565408329247276,1.0,0.0,152.56,0.0,92.5796286699694,500000,0.3,1.5,3.0,0.6,6.0,10.0,0.45,0.2,0.7,6.0,False,0.7,"(0,)",50
MSR_fast_resDR,2,target,eval_fault_goal,a0_s0.7_t150,100,244.71097594656868,44.96564222514844,1.0,0.0,152.63,0.0,91.3199937435166,500000,0.3,1.5,3.0,0.6,6.0,10.0,0.45,0.2,0.7,6.0,False,0.7,"(0,)",150
MSR_fast_resDR,2,target,eval_fault_goal,a0_s0.5_t0,100,245.29792511991542,43.50215027656017,1.0,0.0,152.36,0.0,96.87081753891368,500000,0.3,1.5,3.0,0.6,6.0,10.0,0.45,0.2,0.7,6.0,False,0.5,"(0,)",0
MSR_fast_resDR,2,target,eval_fault_goal,a0_s0.5_t50,100,245.35622005865372,44.03872423587347,1.0,0.0,152.64,0.0,95.08443633494258,500000,0.3,1.5,3.0,0.6,6.0,10.0,0.45,0.2,0.7,6.0,False,0.5,"(0,)",50
MSR_fast_resDR,2,target,eval_fault_goal,a0_s0.5_t150,100,244.71420340221408,44.963392842013974,1.0,0.0,152.63,0.0,91.5685753951742,500000,0.3,1.5,3.0,0.6,6.0,10.0,0.45,0.2,0.7,6.0,False,0.5,"(0,)",150
MSR_fast_resDR,2,target,eval_fault_goal,a0_s0.3_t0,100,245.5629104095991,43.73342224431697,1.0,0.0,152.53,0.0,102.2003181030252,500000,0.3,1.5,3.0,0.6,6.0,10.0,0.45,0.2,0.7,6.0,False,0.3,"(0,)",0
MSR_fast_resDR,2,target,eval_fault_goal,a0_s0.3_t50,100,244.71131401320497,44.11287667388145,1.0,0.0,152.07,0.0,100.02253162188747,500000,0.3,1.5,3.0,0.6,6.0,10.0,0.45,0.2,0.7,6.0,False,0.3,"(0,)",50
MSR_fast_resDR,2,target,eval_fault_goal,a0_s0.3_t150,100,244.62271922553126,45.046958933369034,1.0,0.0,152.59,0.0,92.00340760957879,500000,0.3,1.5,3.0,0.6,6.0,10.0,0.45,0.2,0.7,6.0,False,0.3,"(0,)",150
MSR_fast_resDR,2,target,eval_fault_goal,a1_s0.7_t0,100,245.96587238011202,43.48936506465155,1.0,0.0,153.08,0.0,95.35622166149624,500000,0.3,1.5,3.0,0.6,6.0,10.0,0.45,0.2,0.7,6.0,False,0.7,"(1,)",0
MSR_fast_resDR,2,target,eval_fault_goal,a1_s0.7_t50,100,245.93210786702673,43.82125290843901,1.0,0.0,153.02,0.0,96.75846123561904,500000,0.3,1.5,3.0,0.6,6.0,10.0,0.45,0.2,0.7,6.0,False,0.7,"(1,)",50
MSR_fast_resDR,2,target,eval_fault_goal,a1_s0.7_t150,100,244.7206634010929,44.89799503412715,1.0,0.0,152.64,0.0,91.41548530125837,500000,0.3,1.5,3.0,0.6,6.0,10.0,0.45,0.2,0.7,6.0,False,0.7,"(1,)",150
MSR_fast_resDR,2,target,eval_fault_goal,a1_s0.5_t0,100,245.57002444838855,44.72119621315617,1.0,0.0,152.79,0.0,101.70156468181885,500000,0.3,1.5,3.0,0.6,6.0,10.0,0.45,0.2,0.7,6.0,False,0.5,"(1,)",0
MSR_fast_resDR,2,target,eval_fault_goal,a1_s0.5_t50,100,245.11926324172364,44.54914885823177,1.0,0.0,152.47,0.0,102.9656122778749,500000,0.3,1.5,3.0,0.6,6.0,10.0,0.45,0.2,0.7,6.0,False,0.5,"(1,)",50
MSR_fast_resDR,2,target,eval_fault_goal,a1_s0.5_t150,100,244.857819725336,44.84688865568324,1.0,0.0,152.7,0.0,91.75760229306375,500000,0.3,1.5,3.0,0.6,6.0,10.0,0.45,0.2,0.7,6.0,False,0.5,"(1,)",150
MSR_fast_resDR,2,target,eval_fault_goal,a1_s0.3_t0,100,247.08546027816675,42.85732363870968,1.0,0.0,153.45,0.0,112.12633669766714,500000,0.3,1.5,3.0,0.6,6.0,10.0,0.45,0.2,0.7,6.0,False,0.3,"(1,)",0
MSR_fast_resDR,2,target,eval_fault_goal,a1_s0.3_t50,100,245.68475963905578,41.58818451588125,1.0,0.0,152.45,0.0,110.71315825331084,500000,0.3,1.5,3.0,0.6,6.0,10.0,0.45,0.2,0.7,6.0,False,0.3,"(1,)",50
MSR_fast_resDR,2,target,eval_fault_goal,a1_s0.3_t150,100,245.00523831808667,44.77479757461138,1.0,0.0,152.77,0.0,92.33979851107077,500000,0.3,1.5,3.0,0.6,6.0,10.0,0.45,0.2,0.7,6.0,False,0.3,"(1,)",150
MSR_fast_resDR,2,target,eval_fault_goal,a2_s0.7_t0,100,167.91047747181682,116.5345752636173,0.53,0.0,140.5,0.47,86.8570328199779,500000,0.3,1.5,3.0,0.6,6.0,10.0,0.45,0.2,0.7,6.0,False,0.7,"(2,)",0
MSR_fast_resDR,2,target,eval_fault_goal,a2_s0.7_t50,100,168.3752992195833,116.74599160477193,0.53,0.0,140.71,0.47,86.78662892256857,500000,0.3,1.5,3.0,0.6,6.0,10.0,0.45,0.2,0.7,6.0,False,0.7,"(2,)",50
MSR_fast_resDR,2,target,eval_fault_goal,a2_s0.7_t150,100,244.65566145760684,44.94901408474104,1.0,0.0,152.61,0.0,91.33148869004123,500000,0.3,1.5,3.0,0.6,6.0,10.0,0.45,0.2,0.7,6.0,False,0.7,"(2,)",150
MSR_fast_resDR,2,target,eval_fault_goal,a2_s0.5_t0,100,143.33730117566537,120.62382960295925,0.42,0.0,133.23,0.5800000000000001,80.11184639279497,500000,0.3,1.5,3.0,0.6,6.0,10.0,0.45,0.2,0.7,6.0,False,0.5,"(2,)",0
MSR_fast_resDR,2,target,eval_fault_goal,a2_s0.5_t50,100,144.1863496695818,120.02027505797226,0.43,0.0,133.08,0.5700000000000001,77.42167961958243,500000,0.3,1.5,3.0,0.6,6.0,10.0,0.45,0.2,0.7,6.0,False,0.5,"(2,)",50
MSR_fast_resDR,2,target,eval_fault_goal,a2_s0.5_t150,100,244.62189132104143,44.98162692958191,1.0,0.0,152.6,0.0,91.49940835209992,500000,0.3,1.5,3.0,0.6,6.0,10.0,0.45,0.2,0.7,6.0,False,0.5,"(2,)",150
MSR_fast_resDR,2,target,eval_fault_goal,a2_s0.3_t0,100,131.24817438576142,122.21099960648469,0.39,0.0,127.5,0.61,75.21484143372058,500000,0.3,1.5,3.0,0.6,6.0,10.0,0.45,0.2,0.7,6.0,False,0.3,"(2,)",0
MSR_fast_resDR,2,target,eval_fault_goal,a2_s0.3_t50,100,126.90186042545247,121.58730444289883,0.36,0.0,126.93,0.64,67.75515069854329,500000,0.3,1.5,3.0,0.6,6.0,10.0,0.45,0.2,0.7,6.0,False,0.3,"(2,)",50
MSR_fast_resDR,2,target,eval_fault_goal,a2_s0.3_t150,100,244.6103666122627,44.92690697335402,1.0,0.0,152.6,0.0,91.7852461618321,500000,0.3,1.5,3.0,0.6,6.0,10.0,0.45,0.2,0.7,6.0,False,0.3,"(2,)",150
